ID,Vendor,"Parent Id","GTIN (EAN,ISBN)",MPN,"Product Name","Product Model","Product Alias","Product Url","Short Description","Product Description","Meta Description","Meta Key","Custom Title",Ordering,Price,Currency,Override,"Override Price",Tax,"Discount Id","Discount Id","Price Publish Up","Price Publish Down","Quantity Start","Quantity End",Weight,"Weight Unit",Length,Width,Height,"Length Unit","Product In Stock","Product Ordered","Low Stock Notification","Available Date",Availability,"Product Special",Sales,Unit,Packaging,"Product Params",Hits,Intnotes,"Meta Robot","Meta Author",Layout,Published,"Created Date","Created By","Modified Date","Modified By",LOCKED,"Locked By",Category,Manufacturer,"Product Images"
1,1,0,,,Blazer,,shirt-11,,"This is simple product",,,,,0,99.999690,68,-1,0.00000,0,0,0,"0000-00-00 00:00:00","0000-00-00 00:00:00",0,0,,KG,,,,M,100,0,0,"2015-09-08 00:00:00",,1,0,KG,,"min_order_level=""""|max_order_level=""""|step_order_level=""""|product_box=""""|",,,,,0,1,"2015-09-08 12:33:51",855,"2015-10-30 10:44:30",855,"0000-00-00 00:00:00",0,MEN,,images/stories/virtuemart/product/download.jpg
2,1,0,,,Cap,,trousers,,,,,,,0,60.000000,68,0,0.00000,0,0,0,"0000-00-00 00:00:00","0000-00-00 00:00:00",0,0,,KG,,,,M,0,0,0,"2015-09-14 00:00:00",,0,0,KG,,"min_order_level=""""|max_order_level=""""|step_order_level=""""|product_box=""""|",,,,,0,1,"2015-09-14 11:43:55",855,"2015-10-30 10:44:42",855,"0000-00-00 00:00:00",0,MEN,,
3,1,0,,,"Cardigen (Full)",,jeans,,,,,,,0,,,,,,,,,,,,,KG,,,,M,0,0,0,"2015-09-14 00:00:00",,0,0,KG,,"min_order_level=""""|max_order_level=""""|step_order_level=""""|product_box=""""|",,,,,0,1,"2015-09-14 11:44:14",855,"2015-10-30 10:45:10",855,"0000-00-00 00:00:00",0,MEN,,
4,1,0,,,"Cardigen (Half)",,jackets,,,,,,,0,,,,,,,,,,,,,KG,,,,M,0,0,0,"2015-09-14 00:00:00",,0,0,KG,,"min_order_level=""""|max_order_level=""""|step_order_level=""""|product_box=""""|",,,,,0,1,"2015-09-14 11:44:29",855,"2015-10-30 10:45:30",855,"0000-00-00 00:00:00",0,MEN,,
5,1,0,,,Coat,,t-shirts,,,,,,,0,,,,,,,,,,,,,KG,,,,M,0,0,0,"2015-09-14 00:00:00",,0,0,KG,,"min_order_level=""""|max_order_level=""""|step_order_level=""""|product_box=""""|",,,,,0,1,"2015-09-14 11:44:46",855,"2015-10-30 10:45:43",855,"0000-00-00 00:00:00",0,MEN,,
6,1,0,,,Dhoti,,sweat-shirts,,,,,,,0,,,,,,,,,,,,,KG,,,,M,0,0,0,"2015-09-14 00:00:00",,0,0,KG,,"min_order_level=""""|max_order_level=""""|step_order_level=""""|product_box=""""|",,,,,0,1,"2015-09-14 11:45:00",855,"2015-10-30 10:45:54",855,"0000-00-00 00:00:00",0,MEN,,
7,1,0,,,"Gents Kurta",,kurta-pyjama,,,,,,,0,,,,,,,,,,,,,KG,,,,M,0,0,0,"2015-09-14 00:00:00",,0,0,KG,,"min_order_level=""""|max_order_level=""""|step_order_level=""""|product_box=""""|",,,,,0,1,"2015-09-14 11:45:15",855,"2015-10-30 10:46:09",855,"0000-00-00 00:00:00",0,MEN,,
8,1,0,,,Blazer,,shirt,,,,,,,0,,,,,,,,,,,,,KG,,,,M,0,0,0,"2015-09-14 00:00:00",,0,0,KG,,"min_order_level=""""|max_order_level=""""|step_order_level=""""|product_box=""""|",,,,,0,1,"2015-09-14 12:11:11",855,"2015-10-30 10:49:35",855,"0000-00-00 00:00:00",0,WOMEN,,
9,1,0,,,"Blouse -  Plain",,trousers-1,,,,,,,0,,,,,,,,,,,,,KG,,,,M,0,0,0,"2015-09-14 00:00:00",,0,0,KG,,"min_order_level=""""|max_order_level=""""|step_order_level=""""|product_box=""""|",,,,,0,1,"2015-09-14 12:11:58",855,"2015-10-30 10:49:47",855,"0000-00-00 00:00:00",0,WOMEN,,
10,1,0,,,"Blouse - Designer",,jeans-1,,,,,,,0,,,,,,,,,,,,,KG,,,,M,0,0,0,"2015-09-14 00:00:00",,0,0,KG,,"min_order_level=""""|max_order_level=""""|step_order_level=""""|product_box=""""|",,,,,0,1,"2015-09-14 12:17:11",855,"2015-10-30 10:49:59",855,"0000-00-00 00:00:00",0,WOMEN,,
11,1,0,,,"Blouse - Silk",,jackets-1,,,,,,,0,,,,,,,,,,,,,KG,,,,M,0,0,0,"2015-09-14 00:00:00",,0,0,KG,,"min_order_level=""""|max_order_level=""""|step_order_level=""""|product_box=""""|",,,,,0,1,"2015-09-14 12:17:22",855,"2015-10-30 10:50:10",855,"0000-00-00 00:00:00",0,WOMEN,,
12,1,0,,,"Blouse - Wool",,t-shirts-1,,,,,,,0,,,,,,,,,,,,,KG,,,,M,0,0,0,"2015-09-14 00:00:00",,0,0,KG,,"min_order_level=""""|max_order_level=""""|step_order_level=""""|product_box=""""|",,,,,0,1,"2015-09-14 12:17:37",855,"2015-10-30 10:50:22",855,"0000-00-00 00:00:00",0,WOMEN,,
13,1,0,,,"Blouse - Work",,sweat-shirts-1,,,,,,,0,,,,,,,,,,,,,KG,,,,M,0,0,0,"2015-09-14 00:00:00",,0,0,KG,,"min_order_level=""""|max_order_level=""""|step_order_level=""""|product_box=""""|",,,,,0,1,"2015-09-14 12:17:49",855,"2015-10-30 10:50:31",855,"0000-00-00 00:00:00",0,WOMEN,,
14,1,0,,,"Blouse Heavy Embroidery",,kurta-pyjama-1,,,,,,,0,,,,,,,,,,,,,KG,,,,M,0,0,0,"2015-09-14 00:00:00",,0,0,KG,,"min_order_level=""""|max_order_level=""""|step_order_level=""""|product_box=""""|",,,,,0,1,"2015-09-14 12:18:41",855,"2015-10-30 10:50:42",855,"0000-00-00 00:00:00",0,WOMEN,,
15,1,0,,,Shirt,,shirt-1,,,,,,,0,,,,,,,,,,,,,KG,,,,M,0,0,0,"2015-09-14 00:00:00",,0,0,KG,,"min_order_level=""""|max_order_level=""""|step_order_level=""""|product_box=""""|",,,,,0,1,"2015-09-14 12:38:08",855,"2015-09-14 12:38:08",855,"0000-00-00 00:00:00",0,"Wash & Fold",,
16,1,0,,,Shirt,,shirt-2,,,,,,,0,,,,,,,,,,,,,KG,,,,M,0,0,0,"2015-09-14 00:00:00",,0,0,KG,,"min_order_level=""""|max_order_level=""""|step_order_level=""""|product_box=""""|",,,,,0,1,"2015-09-14 12:38:23",855,"2015-09-14 12:38:23",855,"0000-00-00 00:00:00",0,"Wash & Fold",,
17,1,0,,,Shirt,,shirt-3,,,,,,,0,77.000000,191,0,0.00000,0,0,0,"0000-00-00 00:00:00","0000-00-00 00:00:00",0,0,103.0000,G,,,,M,0,0,0,"2015-09-15 00:00:00",,0,0,KG,,"min_order_level=""""|max_order_level=""""|step_order_level=""""|product_box=""""|",,,,,0,1,"2015-09-15 10:12:23",855,"2015-09-27 08:13:41",855,"0000-00-00 00:00:00",0,MEN,,
18,1,0,,,Shirt,,shirt-4,,,,,,,0,,,,,,,,,,,,,KG,,,,M,0,0,0,"2015-09-15 00:00:00",,0,0,KG,,"min_order_level=""""|max_order_level=""""|step_order_level=""""|product_box=""""|",,,,,0,1,"2015-09-15 10:13:18",855,"2015-09-15 10:13:18",855,"0000-00-00 00:00:00",0,WOMEN,,
19,1,0,,,Shirt,,shirt-5,,,,,,,0,,,,,,,,,,,,,KG,,,,M,0,0,0,"2015-09-15 00:00:00",,0,0,KG,,"min_order_level=""""|max_order_level=""""|step_order_level=""""|product_box=""""|",,,,,0,1,"2015-09-15 10:15:19",855,"2015-09-15 10:15:19",855,"0000-00-00 00:00:00",0,MEN,,
20,1,0,,,Shirt,,shirt-6,,,,,,,0,,,,,,,,,,,,,KG,,,,M,0,0,0,"2015-09-15 00:00:00",,0,0,KG,,"min_order_level=""""|max_order_level=""""|step_order_level=""""|product_box=""""|",,,,,0,1,"2015-09-15 10:15:57",855,"2015-09-15 10:15:57",855,"0000-00-00 00:00:00",0,MEN,,
21,1,0,,,Shirt,,shirt-7,,,,,,,0,,,,,,,,,,,,,KG,,,,M,0,0,0,"2015-09-15 00:00:00",,0,0,KG,,"min_order_level=""""|max_order_level=""""|step_order_level=""""|product_box=""""|",,,,,0,1,"2015-09-15 10:26:32",855,"2015-09-15 10:26:32",855,"0000-00-00 00:00:00",0,WOMEN,,
22,1,0,,,Trousers,,trousers-2,,,,,,,0,,,,,,,,,,,,,KG,,,,M,0,0,0,"2015-09-15 00:00:00",,0,0,KG,,"min_order_level=""""|max_order_level=""""|step_order_level=""""|product_box=""""|",,,,,0,1,"2015-09-15 10:30:02",855,"2015-09-15 10:30:02",855,"0000-00-00 00:00:00",0,MEN,,
23,1,0,,,Jeans,,jeans-2,,,,,,,0,,,,,,,,,,,,,KG,,,,M,0,0,0,"2015-09-15 00:00:00",,0,0,KG,,"min_order_level=""""|max_order_level=""""|step_order_level=""""|product_box=""""|",,,,,0,1,"2015-09-15 10:30:58",855,"2015-09-15 10:30:58",855,"0000-00-00 00:00:00",0,MEN,,
24,1,0,,,Jackets,,jackets-2,,,,,,,0,,,,,,,,,,,,,KG,,,,M,0,0,0,"2015-09-15 00:00:00",,0,0,KG,,"min_order_level=""""|max_order_level=""""|step_order_level=""""|product_box=""""|",,,,,0,1,"2015-09-15 10:31:15",855,"2015-09-15 10:31:15",855,"0000-00-00 00:00:00",0,MEN,,
25,1,0,,,T-Shirts,,t-shirts-2,,,,,,,0,,,,,,,,,,,,,KG,,,,M,0,0,0,"2015-09-15 00:00:00",,0,0,KG,,"min_order_level=""""|max_order_level=""""|step_order_level=""""|product_box=""""|",,,,,0,1,"2015-09-15 10:31:36",855,"2015-09-15 10:31:36",855,"0000-00-00 00:00:00",0,MEN,,
26,1,0,,,Sweat-Shirts,,sweat-shirts-2,,,,,,,0,,,,,,,,,,,,,KG,,,,M,0,0,0,"2015-09-15 00:00:00",,0,0,KG,,"min_order_level=""""|max_order_level=""""|step_order_level=""""|product_box=""""|",,,,,0,1,"2015-09-15 10:31:56",855,"2015-09-15 10:31:56",855,"0000-00-00 00:00:00",0,MEN,,
27,1,0,,,"Kurta Pyjama",,kurta-pyjama-2,,,,,,,0,,,,,,,,,,,,,KG,,,,M,0,0,0,"2015-09-15 00:00:00",,0,0,KG,,"min_order_level=""""|max_order_level=""""|step_order_level=""""|product_box=""""|",,,,,0,1,"2015-09-15 10:32:12",855,"2015-09-15 10:32:12",855,"0000-00-00 00:00:00",0,MEN,,
28,1,0,,,Trousers,,trousers-3,,,,,,,0,,,,,,,,,,,,,KG,,,,M,0,0,0,"2015-09-16 00:00:00",,0,0,KG,,"min_order_level=""""|max_order_level=""""|step_order_level=""""|product_box=""""|",,,,,0,1,"2015-09-16 10:37:07",855,"2015-09-16 10:37:07",855,"0000-00-00 00:00:00",0,WOMEN,,
29,1,0,,,Jeans,,jeans-3,,,,,,,0,,,,,,,,,,,,,KG,,,,M,0,0,0,"2015-09-16 00:00:00",,0,0,KG,,"min_order_level=""""|max_order_level=""""|step_order_level=""""|product_box=""""|",,,,,0,1,"2015-09-16 10:37:55",855,"2015-09-16 10:37:55",855,"0000-00-00 00:00:00",0,WOMEN,,
30,1,0,,,Jackets,,jackets-3,,,,,,,0,,,,,,,,,,,,,KG,,,,M,0,0,0,"2015-09-16 00:00:00",,0,0,KG,,"min_order_level=""""|max_order_level=""""|step_order_level=""""|product_box=""""|",,,,,0,1,"2015-09-16 10:38:24",855,"2015-09-16 10:38:24",855,"0000-00-00 00:00:00",0,WOMEN,,
31,1,0,,,T-Shirts,,t-shirts-3,,,,,,,0,,,,,,,,,,,,,KG,,,,M,0,0,0,"2015-09-16 00:00:00",,0,0,KG,,"min_order_level=""""|max_order_level=""""|step_order_level=""""|product_box=""""|",,,,,0,1,"2015-09-16 10:38:43",855,"2015-09-16 10:38:43",855,"0000-00-00 00:00:00",0,WOMEN,,
32,1,0,,,Sweat-Shirts,,sweat-shirts-3,,,,,,,0,,,,,,,,,,,,,KG,,,,M,0,0,0,"2015-09-16 00:00:00",,0,0,KG,,"min_order_level=""""|max_order_level=""""|step_order_level=""""|product_box=""""|",,,,,0,1,"2015-09-16 10:38:59",855,"2015-09-16 10:38:59",855,"0000-00-00 00:00:00",0,WOMEN,,
33,1,0,,,"Kurta Pyjama",,kurta-pyjama-3,,,,,,,0,,,,,,,,,,,,,KG,,,,M,0,0,0,"2015-09-16 00:00:00",,0,0,KG,,"min_order_level=""""|max_order_level=""""|step_order_level=""""|product_box=""""|",,,,,0,1,"2015-09-16 10:39:23",855,"2015-09-16 10:39:23",855,"0000-00-00 00:00:00",0,WOMEN,,
34,1,0,,,Shirt,,shirt-8,,,,,,,0,,,,,,,,,,,,,KG,,,,M,0,0,0,"2015-09-16 00:00:00",,0,0,KG,,"min_order_level=""""|max_order_level=""""|step_order_level=""""|product_box=""""|",,,,,0,1,"2015-09-16 10:42:54",855,"2015-09-16 10:42:54",855,"0000-00-00 00:00:00",0,MEN,,
35,1,0,,,Trousers,,trousers-4,,,,,,,0,,,,,,,,,,,,,KG,,,,M,0,0,0,"2015-09-16 00:00:00",,0,0,KG,,"min_order_level=""""|max_order_level=""""|step_order_level=""""|product_box=""""|",,,,,0,1,"2015-09-16 10:43:31",855,"2015-09-16 10:43:31",855,"0000-00-00 00:00:00",0,MEN,,
36,1,0,,,Jeans,,jeans-4,,,,,,,0,,,,,,,,,,,,,KG,,,,M,0,0,0,"2015-09-16 00:00:00",,0,0,KG,,"min_order_level=""""|max_order_level=""""|step_order_level=""""|product_box=""""|",,,,,0,1,"2015-09-16 10:43:50",855,"2015-09-16 10:43:50",855,"0000-00-00 00:00:00",0,MEN,,
37,1,0,,,Jackets,,jackets-4,,,,,,,0,,,,,,,,,,,,,KG,,,,M,0,0,0,"2015-09-16 00:00:00",,0,0,KG,,"min_order_level=""""|max_order_level=""""|step_order_level=""""|product_box=""""|",,,,,0,1,"2015-09-16 10:44:16",855,"2015-09-16 10:44:16",855,"0000-00-00 00:00:00",0,MEN,,
38,1,0,,,T-Shirts,,t-shirts-4,,,,,,,0,,,,,,,,,,,,,KG,,,,M,0,0,0,"2015-09-16 00:00:00",,0,0,KG,,"min_order_level=""""|max_order_level=""""|step_order_level=""""|product_box=""""|",,,,,0,1,"2015-09-16 10:44:59",855,"2015-09-16 10:44:59",855,"0000-00-00 00:00:00",0,MEN,,
39,1,0,,,Sweat-Shirts,,sweat-shirts-4,,,,,,,0,,,,,,,,,,,,,KG,,,,M,0,0,0,"2015-09-16 00:00:00",,0,0,KG,,"min_order_level=""""|max_order_level=""""|step_order_level=""""|product_box=""""|",,,,,0,1,"2015-09-16 10:45:17",855,"2015-09-16 10:45:17",855,"0000-00-00 00:00:00",0,MEN,,
40,1,0,,,"Kurta Pyjama",,kurta-pyjama-4,,,,,,,0,,,,,,,,,,,,,KG,,,,M,0,0,0,"2015-09-16 00:00:00",,0,0,KG,,"min_order_level=""""|max_order_level=""""|step_order_level=""""|product_box=""""|",,,,,0,1,"2015-09-16 10:45:38",855,"2015-09-16 10:45:38",855,"0000-00-00 00:00:00",0,MEN,,
41,1,0,,,Shirt,,shirt-9,,,,,,,0,,,,,,,,,,,,,KG,,,,M,0,0,0,"2015-09-16 00:00:00",,0,0,KG,,"min_order_level=""""|max_order_level=""""|step_order_level=""""|product_box=""""|",,,,,0,1,"2015-09-16 10:46:46",855,"2015-09-16 10:46:46",855,"0000-00-00 00:00:00",0,WOMEN,,
42,1,0,,,Trousers,,trousers-5,,,,,,,0,,,,,,,,,,,,,KG,,,,M,0,0,0,"2015-09-16 00:00:00",,0,0,KG,,"min_order_level=""""|max_order_level=""""|step_order_level=""""|product_box=""""|",,,,,0,1,"2015-09-16 10:47:13",855,"2015-09-16 10:47:13",855,"0000-00-00 00:00:00",0,WOMEN,,
43,1,0,,,Jeans,,jeans-5,,,,,,,0,,,,,,,,,,,,,KG,,,,M,0,0,0,"2015-09-16 00:00:00",,0,0,KG,,"min_order_level=""""|max_order_level=""""|step_order_level=""""|product_box=""""|",,,,,0,1,"2015-09-16 10:47:40",855,"2015-09-16 10:47:40",855,"0000-00-00 00:00:00",0,WOMEN,,
44,1,0,,,T-Shirts,,t-shirts-5,,,,,,,0,,,,,,,,,,,,,KG,,,,M,0,0,0,"2015-09-16 00:00:00",,0,0,KG,,"min_order_level=""""|max_order_level=""""|step_order_level=""""|product_box=""""|",,,,,0,1,"2015-09-16 10:48:05",855,"2015-09-16 10:48:05",855,"0000-00-00 00:00:00",0,WOMEN,,
45,1,0,,,Jackets,,jackets-5,,,,,,,0,,,,,,,,,,,,,KG,,,,M,0,0,0,"2015-09-16 00:00:00",,0,0,KG,,"min_order_level=""""|max_order_level=""""|step_order_level=""""|product_box=""""|",,,,,0,1,"2015-09-16 10:48:40",855,"2015-09-16 10:48:40",855,"0000-00-00 00:00:00",0,WOMEN,,
46,1,0,,,Sweat-Shirts,,sweat-shirts-5,,,,,,,0,,,,,,,,,,,,,KG,,,,M,0,0,0,"2015-09-16 00:00:00",,0,0,KG,,"min_order_level=""""|max_order_level=""""|step_order_level=""""|product_box=""""|",,,,,0,1,"2015-09-16 10:48:54",855,"2015-09-16 10:48:54",855,"0000-00-00 00:00:00",0,WOMEN,,
47,1,0,,,"Kurta Pyjama",,kurta-pyjama-5,,,,,,,0,,,,,,,,,,,,,KG,,,,M,0,0,0,"2015-09-16 00:00:00",,0,0,KG,,"min_order_level=""""|max_order_level=""""|step_order_level=""""|product_box=""""|",,,,,0,1,"2015-09-16 10:49:07",855,"2015-09-16 10:49:07",855,"0000-00-00 00:00:00",0,WOMEN,,
48,1,0,,,Blazer,,blazer,,,,,,,0,220.000000,191,0,0.00000,0,0,0,"0000-00-00 00:00:00","0000-00-00 00:00:00",0,0,1000.0000,G,,,,M,0,0,0,"2015-09-16 00:00:00",,0,0,KG,,"min_order_level=""""|max_order_level=""""|step_order_level=""""|product_box=""""|",,,,,0,1,"2015-09-16 10:50:34",855,"2015-09-18 12:44:34",855,"0000-00-00 00:00:00",0,MEN,,
49,1,0,,,Cap,,cap-1,,,,,,,0,50.000000,191,0,0.00000,0,0,0,"0000-00-00 00:00:00","0000-00-00 00:00:00",0,0,100.0000,G,,,,M,0,0,0,"2015-09-16 00:00:00",,0,0,KG,,"min_order_level=""""|max_order_level=""""|step_order_level=""""|product_box=""""|",,,,,0,1,"2015-09-16 10:50:46",855,"2015-09-18 13:12:27",855,"0000-00-00 00:00:00",0,MEN,,
50,1,0,,,"Cardigen (Full)",,cardigen-full-1,,,,,,,0,120.000000,191,0,0.00000,0,0,0,"0000-00-00 00:00:00","0000-00-00 00:00:00",0,0,700.0000,G,,,,M,0,0,0,"2015-09-16 00:00:00",,0,0,KG,,"min_order_level=""""|max_order_level=""""|step_order_level=""""|product_box=""""|",,,,,0,1,"2015-09-16 10:50:58",855,"2015-09-18 13:13:07",855,"0000-00-00 00:00:00",0,MEN,,
51,1,0,,,"Cardigen (Half)",,cardigen-half-1,,,,,,,0,80.000000,191,0,0.00000,0,0,0,"0000-00-00 00:00:00","0000-00-00 00:00:00",0,0,500.0000,G,,,,M,0,0,0,"2015-09-16 00:00:00",,0,0,KG,,"min_order_level=""""|max_order_level=""""|step_order_level=""""|product_box=""""|",,,,,0,1,"2015-09-16 10:51:10",855,"2015-09-18 13:13:37",855,"0000-00-00 00:00:00",0,MEN,,
52,1,0,,,Coat,,coat,,,,,,,0,220.000000,191,0,0.00000,0,0,0,"0000-00-00 00:00:00","0000-00-00 00:00:00",0,0,750.0000,G,,,,M,0,0,0,"2015-09-16 00:00:00",,0,0,KG,,"min_order_level=""""|max_order_level=""""|step_order_level=""""|product_box=""""|",,,,,0,1,"2015-09-16 10:51:27",855,"2015-09-18 13:14:28",855,"0000-00-00 00:00:00",0,MEN,,
53,1,0,,,Dhoti,,dhoti,,,,,,,0,60.000000,191,0,0.00000,0,0,0,"0000-00-00 00:00:00","0000-00-00 00:00:00",0,0,350.0000,G,,,,M,0,0,0,"2015-09-16 00:00:00",,0,0,KG,,"min_order_level=""""|max_order_level=""""|step_order_level=""""|product_box=""""|",,,,,0,1,"2015-09-16 10:51:39",855,"2015-09-18 13:15:09",855,"0000-00-00 00:00:00",0,MEN,,
54,1,0,,,"Gents Kurta",,gents-kurta,,,,,,,0,60.000000,191,0,0.00000,0,0,0,"0000-00-00 00:00:00","0000-00-00 00:00:00",0,0,300.0000,G,,,,M,0,0,0,"2015-09-16 00:00:00",,0,0,KG,,"min_order_level=""""|max_order_level=""""|step_order_level=""""|product_box=""""|",,,,,0,1,"2015-09-16 10:52:16",855,"2015-09-18 13:15:46",855,"0000-00-00 00:00:00",0,MEN,,
55,1,0,,,"Blouse - Silk",,blouse-silk,,,,,,,0,80.000000,191,0,0.00000,0,0,0,"0000-00-00 00:00:00","0000-00-00 00:00:00",0,0,200.0000,G,,,,M,0,0,0,"2015-09-16 00:00:00",,0,0,KG,,"min_order_level=""""|max_order_level=""""|step_order_level=""""|product_box=""""|",,,,,0,1,"2015-09-16 10:52:38",855,"2015-09-21 06:09:22",855,"0000-00-00 00:00:00",0,WOMEN,,
56,1,0,,,"Blouse Heavy Embroidery",,blouse-heavy-embroidery,,,,,,,0,120.000000,191,0,0.00000,0,0,0,"0000-00-00 00:00:00","0000-00-00 00:00:00",0,0,350.0000,G,,,,M,0,0,0,"2015-09-16 00:00:00",,0,0,KG,,"min_order_level=""""|max_order_level=""""|step_order_level=""""|product_box=""""|",,,,,0,1,"2015-09-16 10:52:52",855,"2015-09-21 06:12:07",855,"0000-00-00 00:00:00",0,WOMEN,,
57,1,0,,,"Blouse -  Plain",,jeans-7,,,,,,,0,60.000000,191,0,0.00000,0,0,0,"0000-00-00 00:00:00","0000-00-00 00:00:00",0,0,200.0000,G,,,,M,0,0,0,"2015-09-16 00:00:00",,0,0,KG,,"min_order_level=""""|max_order_level=""""|step_order_level=""""|product_box=""""|",,,,,0,1,"2015-09-16 10:53:45",855,"2015-09-21 06:08:10",855,"0000-00-00 00:00:00",0,WOMEN,,
58,1,0,,,Blazer,,blazer-1,,,,,,,0,220.000000,191,0,0.00000,0,0,0,"0000-00-00 00:00:00","0000-00-00 00:00:00",0,0,1000.0000,G,,,,M,0,0,0,"2015-09-16 00:00:00",,0,0,KG,,"min_order_level=""""|max_order_level=""""|step_order_level=""""|product_box=""""|",,,,,0,1,"2015-09-16 10:54:04",855,"2015-09-21 06:07:30",855,"0000-00-00 00:00:00",0,WOMEN,,
59,1,0,,,"Blouse - Work",,blouse-work,,,,,,,0,80.000000,191,0,0.00000,0,0,0,"0000-00-00 00:00:00","0000-00-00 00:00:00",0,0,300.0000,G,,,,M,0,0,0,"2015-09-16 00:00:00",,0,0,KG,,"min_order_level=""""|max_order_level=""""|step_order_level=""""|product_box=""""|",,,,,0,1,"2015-09-16 10:54:35",855,"2015-09-21 06:11:31",855,"0000-00-00 00:00:00",0,WOMEN,,
60,1,0,,,"Blouse - Wool",,blouse-wool,,,,,,,0,80.000000,191,0,0.00000,0,0,0,"0000-00-00 00:00:00","0000-00-00 00:00:00",0,0,250.0000,G,,,,M,0,0,0,"2015-09-16 00:00:00",,0,0,KG,,"min_order_level=""""|max_order_level=""""|step_order_level=""""|product_box=""""|",,,,,0,1,"2015-09-16 10:54:53",855,"2015-09-21 06:10:24",855,"0000-00-00 00:00:00",0,WOMEN,,
61,1,0,,,"Blouse - Designer",,blouse-designer,,,,,,,0,100.000000,191,0,0.00000,0,0,0,"0000-00-00 00:00:00","0000-00-00 00:00:00",0,0,,KG,,,,M,0,0,0,"2015-09-16 00:00:00",,0,0,KG,,"min_order_level=""""|max_order_level=""""|step_order_level=""""|product_box=""""|",,,,,0,1,"2015-09-16 10:55:19",855,"2015-09-21 06:08:45",855,"0000-00-00 00:00:00",0,WOMEN,,
62,1,0,,,Shirt,,shirt-21,,,,,,,0,,,,,,,,,,,,,KG,,,,M,0,0,0,"2015-09-16 00:00:00",,0,0,KG,,"min_order_level=""""|max_order_level=""""|step_order_level=""""|product_box=""""|",,,,,0,1,"2015-09-16 10:56:34",855,"2015-09-16 10:56:34",855,"0000-00-00 00:00:00",0,MEN,,
63,1,0,,,Trousers,,trousers-8,,,,,,,0,,,,,,,,,,,,,KG,,,,M,0,0,0,"2015-09-16 00:00:00",,0,0,KG,,"min_order_level=""""|max_order_level=""""|step_order_level=""""|product_box=""""|",,,,,0,1,"2015-09-16 10:56:50",855,"2015-09-16 10:56:50",855,"0000-00-00 00:00:00",0,MEN,,
64,1,0,,,Jeans,,jeans-8,,,,,,,0,,,,,,,,,,,,,KG,,,,M,0,0,0,"2015-09-16 00:00:00",,0,0,KG,,"min_order_level=""""|max_order_level=""""|step_order_level=""""|product_box=""""|",,,,,0,1,"2015-09-16 10:57:02",855,"2015-09-16 10:57:02",855,"0000-00-00 00:00:00",0,MEN,,
65,1,0,,,Jackets,,jackets-8,,,,,,,0,,,,,,,,,,,,,KG,,,,M,0,0,0,"2015-09-16 00:00:00",,0,0,KG,,"min_order_level=""""|max_order_level=""""|step_order_level=""""|product_box=""""|",,,,,0,1,"2015-09-16 10:57:16",855,"2015-09-16 10:57:16",855,"0000-00-00 00:00:00",0,MEN,,
66,1,0,,,T-Shirts,,t-shirts-8,,,,,,,0,,,,,,,,,,,,,KG,,,,M,0,0,0,"2015-09-16 00:00:00",,0,0,KG,,"min_order_level=""""|max_order_level=""""|step_order_level=""""|product_box=""""|",,,,,0,1,"2015-09-16 10:57:27",855,"2015-09-16 10:57:27",855,"0000-00-00 00:00:00",0,MEN,,
67,1,0,,,Sweat-Shirts,,sweat-shirts-8,,,,,,,0,,,,,,,,,,,,,KG,,,,M,0,0,0,"2015-09-16 00:00:00",,0,0,KG,,"min_order_level=""""|max_order_level=""""|step_order_level=""""|product_box=""""|",,,,,0,1,"2015-09-16 10:57:38",855,"2015-09-16 10:57:38",855,"0000-00-00 00:00:00",0,MEN,,
68,1,0,,,"Kurta Pyjama",,kurta-pyjama-8,,,,,,,0,,,,,,,,,,,,,KG,,,,M,0,0,0,"2015-09-16 00:00:00",,0,0,KG,,"min_order_level=""""|max_order_level=""""|step_order_level=""""|product_box=""""|",,,,,0,1,"2015-09-16 10:57:48",855,"2015-09-16 10:57:48",855,"0000-00-00 00:00:00",0,MEN,,
69,1,0,,,Shirt,,shirt-17,,,,,,,0,,,,,,,,,,,,,KG,,,,M,0,0,0,"2015-09-16 00:00:00",,0,0,KG,,"min_order_level=""""|max_order_level=""""|step_order_level=""""|product_box=""""|",,,,,0,1,"2015-09-16 10:58:02",855,"2015-09-16 10:58:02",855,"0000-00-00 00:00:00",0,WOMEN,,
70,1,0,,,Trousers,,trousers-9,,,,,,,0,,,,,,,,,,,,,KG,,,,M,0,0,0,"2015-09-16 00:00:00",,0,0,KG,,"min_order_level=""""|max_order_level=""""|step_order_level=""""|product_box=""""|",,,,,0,1,"2015-09-16 10:58:13",855,"2015-09-16 10:58:13",855,"0000-00-00 00:00:00",0,WOMEN,,
71,1,0,,,Jeans,,jeans-9,,,,,,,0,,,,,,,,,,,,,KG,,,,M,0,0,0,"2015-09-16 00:00:00",,0,0,KG,,"min_order_level=""""|max_order_level=""""|step_order_level=""""|product_box=""""|",,,,,0,1,"2015-09-16 10:58:24",855,"2015-09-16 10:58:24",855,"0000-00-00 00:00:00",0,WOMEN,,
72,1,0,,,Jackets,,jackets-9,,,,,,,0,,,,,,,,,,,,,KG,,,,M,0,0,0,"2015-09-16 00:00:00",,0,0,KG,,"min_order_level=""""|max_order_level=""""|step_order_level=""""|product_box=""""|",,,,,0,1,"2015-09-16 10:58:37",855,"2015-09-16 10:58:37",855,"0000-00-00 00:00:00",0,WOMEN,,
73,1,0,,,T-Shirts,,t-shirts-9,,,,,,,0,,,,,,,,,,,,,KG,,,,M,0,0,0,"2015-09-16 00:00:00",,0,0,KG,,"min_order_level=""""|max_order_level=""""|step_order_level=""""|product_box=""""|",,,,,0,1,"2015-09-16 10:58:47",855,"2015-09-16 10:58:47",855,"0000-00-00 00:00:00",0,WOMEN,,
74,1,0,,,Sweat-Shirts,,sweat-shirts-9,,,,,,,0,,,,,,,,,,,,,KG,,,,M,0,0,0,"2015-09-16 00:00:00",,0,0,KG,,"min_order_level=""""|max_order_level=""""|step_order_level=""""|product_box=""""|",,,,,0,1,"2015-09-16 10:58:58",855,"2015-09-16 11:01:34",855,"0000-00-00 00:00:00",0,WOMEN,,
75,1,0,,,"Kurta Pyjama",,kurta-pyjama-9,,,,,,,0,,,,,,,,,,,,,KG,,,,M,0,0,0,"2015-09-16 00:00:00",,0,0,KG,,"min_order_level=""""|max_order_level=""""|step_order_level=""""|product_box=""""|",,,,,0,1,"2015-09-16 10:59:07",855,"2015-09-16 10:59:07",855,"0000-00-00 00:00:00",0,WOMEN,,
76,1,0,,,Shirt,,shirt-29,,,,,,,0,,,,,,,,,,,,,KG,,,,M,0,0,0,"2015-09-16 00:00:00",,0,0,KG,,"min_order_level=""""|max_order_level=""""|step_order_level=""""|product_box=""""|",,,,,0,1,"2015-09-16 11:02:58",855,"2015-09-16 11:02:58",855,"0000-00-00 00:00:00",0,MEN,,
77,1,0,,,Trousers,,trousers-10,,,,,,,0,,,,,,,,,,,,,KG,,,,M,0,0,0,"2015-09-16 00:00:00",,0,0,KG,,"min_order_level=""""|max_order_level=""""|step_order_level=""""|product_box=""""|",,,,,0,1,"2015-09-16 11:03:08",855,"2015-09-16 11:03:08",855,"0000-00-00 00:00:00",0,MEN,,
78,1,0,,,Jeans,,jeans-10,,,,,,,0,,,,,,,,,,,,,KG,,,,M,0,0,0,"2015-09-16 00:00:00",,0,0,KG,,"min_order_level=""""|max_order_level=""""|step_order_level=""""|product_box=""""|",,,,,0,1,"2015-09-16 11:03:19",855,"2015-09-16 11:03:19",855,"0000-00-00 00:00:00",0,MEN,,
79,1,0,,,Jackets,,jackets-10,,,,,,,0,,,,,,,,,,,,,KG,,,,M,0,0,0,"2015-09-16 00:00:00",,0,0,KG,,"min_order_level=""""|max_order_level=""""|step_order_level=""""|product_box=""""|",,,,,0,1,"2015-09-16 11:03:31",855,"2015-09-16 11:03:31",855,"0000-00-00 00:00:00",0,MEN,,
80,1,0,,,T-Shirts,,t-shirts-10,,,,,,,0,,,,,,,,,,,,,KG,,,,M,0,0,0,"2015-09-16 00:00:00",,0,0,KG,,"min_order_level=""""|max_order_level=""""|step_order_level=""""|product_box=""""|",,,,,0,1,"2015-09-16 11:03:44",855,"2015-09-16 11:08:47",855,"0000-00-00 00:00:00",0,MEN,,
81,1,0,,,Sweat-Shirts,,sweat-shirts-10,,,,,,,0,,,,,,,,,,,,,KG,,,,M,0,0,0,"2015-09-16 00:00:00",,0,0,KG,,"min_order_level=""""|max_order_level=""""|step_order_level=""""|product_box=""""|",,,,,0,1,"2015-09-16 11:04:01",855,"2015-09-16 11:04:01",855,"0000-00-00 00:00:00",0,MEN,,
82,1,0,,,"Kurta Pyjama",,kurta-pyjama-10,,,,,,,0,,,,,,,,,,,,,KG,,,,M,0,0,0,"2015-09-16 00:00:00",,0,0,KG,,"min_order_level=""""|max_order_level=""""|step_order_level=""""|product_box=""""|",,,,,0,1,"2015-09-16 11:04:12",855,"2015-09-16 11:04:12",855,"0000-00-00 00:00:00",0,MEN,,
83,1,0,,,Shirt,,shirt-18,,,,,,,0,,,,,,,,,,,,,KG,,,,M,0,0,0,"2015-09-16 00:00:00",,0,0,KG,,"min_order_level=""""|max_order_level=""""|step_order_level=""""|product_box=""""|",,,,,0,1,"2015-09-16 11:04:26",855,"2015-09-16 11:04:26",855,"0000-00-00 00:00:00",0,WOMEN,,
84,1,0,,,Trousers,,trousers-11,,,,,,,0,,,,,,,,,,,,,KG,,,,M,0,0,0,"2015-09-16 00:00:00",,0,0,KG,,"min_order_level=""""|max_order_level=""""|step_order_level=""""|product_box=""""|",,,,,0,1,"2015-09-16 11:04:54",855,"2015-09-16 11:04:54",855,"0000-00-00 00:00:00",0,WOMEN,,
85,1,0,,,Jeans,,jeans-11,,,,,,,0,,,,,,,,,,,,,KG,,,,M,0,0,0,"2015-09-16 00:00:00",,0,0,KG,,"min_order_level=""""|max_order_level=""""|step_order_level=""""|product_box=""""|",,,,,0,1,"2015-09-16 11:05:07",855,"2015-09-16 11:05:07",855,"0000-00-00 00:00:00",0,WOMEN,,
86,1,0,,,Jackets,,jackets-11,,,,,,,0,,,,,,,,,,,,,KG,,,,M,0,0,0,"2015-09-16 00:00:00",,0,0,KG,,"min_order_level=""""|max_order_level=""""|step_order_level=""""|product_box=""""|",,,,,0,1,"2015-09-16 11:05:19",855,"2015-09-16 11:05:19",855,"0000-00-00 00:00:00",0,WOMEN,,
87,1,0,,,T-Shirts,,t-shirts-11,,,,,,,0,,,,,,,,,,,,,KG,,,,M,0,0,0,"2015-09-16 00:00:00",,0,0,KG,,"min_order_level=""""|max_order_level=""""|step_order_level=""""|product_box=""""|",,,,,0,1,"2015-09-16 11:05:33",855,"2015-09-16 11:05:33",855,"0000-00-00 00:00:00",0,WOMEN,,
88,1,0,,,Sweat-Shirts,,sweat-shirts-11,,,,,,,0,,,,,,,,,,,,,KG,,,,M,0,0,0,"2015-09-16 00:00:00",,0,0,KG,,"min_order_level=""""|max_order_level=""""|step_order_level=""""|product_box=""""|",,,,,0,1,"2015-09-16 11:05:46",855,"2015-09-16 11:05:46",855,"0000-00-00 00:00:00",0,WOMEN,,
89,1,0,,,"Kurta Pyjama",,kurta-pyjama-11,,,,,,,0,,,,,,,,,,,,,KG,,,,M,0,0,0,"2015-09-16 00:00:00",,0,0,KG,,"min_order_level=""""|max_order_level=""""|step_order_level=""""|product_box=""""|",,,,,0,1,"2015-09-16 11:05:59",855,"2015-09-16 11:05:59",855,"0000-00-00 00:00:00",0,WOMEN,,
90,1,0,,,"Gents Kurta Silk",,extra1,,,,,,,0,77.000000,191,0,0.00000,0,0,0,"0000-00-00 00:00:00","0000-00-00 00:00:00",0,0,100.0000,G,,,,M,0,0,0,"2015-09-17 00:00:00",,0,0,KG,,"min_order_level=""""|max_order_level=""""|step_order_level=""""|product_box=""""|",,,,,0,1,"2015-09-17 05:55:23",855,"2015-10-30 10:46:34",855,"0000-00-00 00:00:00",0,MEN,,
91,1,0,,,"Gloves (Leather)",,extra1-1,,,,,,,0,,,,,,,,,,,,,KG,,,,M,0,0,0,"2015-09-17 00:00:00",,0,0,KG,,"min_order_level=""""|max_order_level=""""|step_order_level=""""|product_box=""""|",,,,,0,1,"2015-09-17 05:55:37",855,"2015-10-30 10:46:45",855,"0000-00-00 00:00:00",0,MEN,,
92,1,0,,,"Gloves (Normal)",,extra1-2,,,,,,,0,,,,,,,,,,,,,KG,,,,M,0,0,0,"2015-09-17 00:00:00",,0,0,KG,,"min_order_level=""""|max_order_level=""""|step_order_level=""""|product_box=""""|",,,,,0,1,"2015-09-17 05:55:49",855,"2015-10-30 10:46:55",855,"0000-00-00 00:00:00",0,MEN,,
93,1,0,,,Hat,,extra1-3,,,,,,,0,,,,,,,,,,,,,KG,,,,M,0,0,0,"2015-09-17 00:00:00",,0,0,KG,,"min_order_level=""""|max_order_level=""""|step_order_level=""""|product_box=""""|",,,,,0,1,"2015-09-17 05:56:03",855,"2015-10-30 10:47:08",855,"0000-00-00 00:00:00",0,MEN,,
94,1,0,,,"Jacket - Full",,extra1-4,,,,,,,0,,,,,,,,,,,,,KG,,,,M,0,0,0,"2015-09-17 00:00:00",,0,0,KG,,"min_order_level=""""|max_order_level=""""|step_order_level=""""|product_box=""""|",,,,,0,1,"2015-09-17 05:56:22",855,"2015-10-30 10:47:17",855,"0000-00-00 00:00:00",0,MEN,,
95,1,0,,,Trousers,,trousers-14,,,,,,,0,,,,,,,,,,,,,KG,,,,M,0,0,0,"2015-09-17 00:00:00",,0,0,KG,,"min_order_level=""""|max_order_level=""""|step_order_level=""""|product_box=""""|",,,,,0,1,"2015-09-17 11:18:27",855,"2015-09-17 11:18:27",855,"0000-00-00 00:00:00",0,MEN,,
96,1,0,,,Jeans,,jeans-21,,,,,,,0,,,,,,,,,,,,,KG,,,,M,0,0,0,"2015-09-17 00:00:00",,0,0,KG,,"min_order_level=""""|max_order_level=""""|step_order_level=""""|product_box=""""|",,,,,0,1,"2015-09-17 11:19:01",855,"2015-09-17 11:19:01",855,"0000-00-00 00:00:00",0,MEN,,
97,1,0,,,Jackets,,jackets-20,,,,,,,0,,,,,,,,,,,,,KG,,,,M,0,0,0,"2015-09-17 00:00:00",,0,0,KG,,"min_order_level=""""|max_order_level=""""|step_order_level=""""|product_box=""""|",,,,,0,1,"2015-09-17 11:19:15",855,"2015-09-17 11:19:15",855,"0000-00-00 00:00:00",0,MEN,,
98,1,0,,,T-Shirts,,t-shirts-21,,,,,,,0,,,,,,,,,,,,,KG,,,,M,0,0,0,"2015-09-17 00:00:00",,0,0,KG,,"min_order_level=""""|max_order_level=""""|step_order_level=""""|product_box=""""|",,,,,0,1,"2015-09-17 11:19:27",855,"2015-09-17 11:19:27",855,"0000-00-00 00:00:00",0,MEN,,
99,1,0,,,Sweat-Shirts,,sweat-shirts-17,,,,,,,0,,,,,,,,,,,,,KG,,,,M,0,0,0,"2015-09-17 00:00:00",,0,0,KG,,"min_order_level=""""|max_order_level=""""|step_order_level=""""|product_box=""""|",,,,,0,1,"2015-09-17 11:19:40",855,"2015-09-17 11:19:40",855,"0000-00-00 00:00:00",0,MEN,,
100,1,0,,,"Kurta Pyjama",,kurta-pyjama-19,,,,,,,0,,,,,,,,,,,,,KG,,,,M,0,0,0,"2015-09-17 00:00:00",,0,0,KG,,"min_order_level=""""|max_order_level=""""|step_order_level=""""|product_box=""""|",,,,,0,1,"2015-09-17 11:19:54",855,"2015-09-17 11:19:54",855,"0000-00-00 00:00:00",0,MEN,,
101,1,0,,,Trousers,,trousers-19,,,,,,,0,50.000000,191,0,0.00000,0,0,0,"0000-00-00 00:00:00","0000-00-00 00:00:00",0,0,700.0000,G,,,,M,0,0,0,"2015-09-17 00:00:00",,0,0,KG,,"min_order_level=""""|max_order_level=""""|step_order_level=""""|product_box=""""|",,,,,0,1,"2015-09-17 11:25:10",855,"2015-09-26 10:42:29",855,"0000-00-00 00:00:00",0,MEN,,
102,1,0,,,Jeans,,jeans-17,,,,,,,0,,,,,,,,,,,,,KG,,,,M,0,0,0,"2015-09-17 00:00:00",,0,0,KG,,"min_order_level=""""|max_order_level=""""|step_order_level=""""|product_box=""""|",,,,,0,1,"2015-09-17 11:25:21",855,"2015-09-17 11:25:21",855,"0000-00-00 00:00:00",0,MEN,,
103,1,0,,,Jackets,,jackets-17,,,,,,,0,77.000000,191,0,0.00000,0,0,0,"0000-00-00 00:00:00","0000-00-00 00:00:00",0,0,150.0000,G,,,,M,0,0,0,"2015-09-17 00:00:00",,0,0,KG,,"min_order_level=""""|max_order_level=""""|step_order_level=""""|product_box=""""|",,,,,0,1,"2015-09-17 11:25:31",855,"2015-09-26 10:41:42",855,"0000-00-00 00:00:00",0,MEN,,
104,1,0,,,T-Shirts,,t-shirts-19,,,,,,,0,,,,,,,,,,,,,KG,,,,M,0,0,0,"2015-09-17 00:00:00",,0,0,KG,,"min_order_level=""""|max_order_level=""""|step_order_level=""""|product_box=""""|",,,,,0,1,"2015-09-17 11:25:42",855,"2015-09-17 11:25:42",855,"0000-00-00 00:00:00",0,MEN,,
105,1,0,,,Sweat-Shirts,,sweat-shirts-22,,,,,,,0,,,,,,,,,,,,,KG,,,,M,0,0,0,"2015-09-17 00:00:00",,0,0,KG,,"min_order_level=""""|max_order_level=""""|step_order_level=""""|product_box=""""|",,,,,0,1,"2015-09-17 11:25:53",855,"2015-09-17 11:25:53",855,"0000-00-00 00:00:00",0,MEN,,
106,1,0,,,"Kurta Pyjama",,kurta-pyjama-21,,,,,,,0,,,,,,,,,,,,,KG,,,,M,0,0,0,"2015-09-17 00:00:00",,0,0,KG,,"min_order_level=""""|max_order_level=""""|step_order_level=""""|product_box=""""|",,,,,0,1,"2015-09-17 11:26:03",855,"2015-09-17 11:26:03",855,"0000-00-00 00:00:00",0,MEN,,
107,1,0,,,"Gents Kurta Silk",,gents-kurta-silk,,,,,,,0,100.000000,191,0,0.00000,0,0,0,"0000-00-00 00:00:00","0000-00-00 00:00:00",0,0,350.0000,G,,,,M,0,0,0,"2015-09-18 00:00:00",,0,0,KG,,"min_order_level=""""|max_order_level=""""|step_order_level=""""|product_box=""""|",,,,,0,1,"2015-09-18 12:50:14",855,"2015-09-18 13:16:19",855,"0000-00-00 00:00:00",0,MEN,,
108,1,0,,,"Gloves (Leather)",,gloves-leather,,,,,,,0,100.000000,191,0,0.00000,0,0,0,"0000-00-00 00:00:00","0000-00-00 00:00:00",0,0,250.0000,G,,,,M,0,0,0,"2015-09-18 00:00:00",,0,0,KG,,"min_order_level=""""|max_order_level=""""|step_order_level=""""|product_box=""""|",,,,,0,1,"2015-09-18 12:51:29",855,"2015-09-18 13:16:57",855,"0000-00-00 00:00:00",0,MEN,,
109,1,0,,,"Gloves (Normal)",,gloves-normal,,,,,,,0,40.000000,191,0,0.00000,0,0,0,"0000-00-00 00:00:00","0000-00-00 00:00:00",0,0,200.0000,G,,,,M,0,0,0,"2015-09-18 00:00:00",,0,0,KG,,"min_order_level=""""|max_order_level=""""|step_order_level=""""|product_box=""""|",,,,,0,1,"2015-09-18 12:52:23",855,"2015-09-18 13:17:33",855,"0000-00-00 00:00:00",0,MEN,,
110,1,0,,,Hat,,hat,,,,,,,0,80.000000,191,0,0.00000,0,0,0,"0000-00-00 00:00:00","0000-00-00 00:00:00",0,0,100.0000,G,,,,M,0,0,0,"2015-09-18 00:00:00",,0,0,KG,,"min_order_level=""""|max_order_level=""""|step_order_level=""""|product_box=""""|",,,,,0,1,"2015-09-18 12:53:04",855,"2015-09-18 13:17:56",855,"0000-00-00 00:00:00",0,MEN,,
111,1,0,,,"Jacket - Full",,jacket-full,,,,,,,0,220.000000,191,0,0.00000,0,0,0,"0000-00-00 00:00:00","0000-00-00 00:00:00",0,0,1500.0000,G,,,,M,0,0,0,"2015-09-18 00:00:00",,0,0,KG,,"min_order_level=""""|max_order_level=""""|step_order_level=""""|product_box=""""|",,,,,0,1,"2015-09-18 12:54:07",855,"2015-09-18 13:18:30",855,"0000-00-00 00:00:00",0,MEN,,
112,1,0,,,"Jacket - Leather Full",,jacket-leather-full,,,,,,,0,750.000000,191,0,0.00000,0,0,0,"0000-00-00 00:00:00","0000-00-00 00:00:00",0,0,2000.0000,G,,,,M,0,0,0,"2015-09-18 00:00:00",,0,0,KG,,"min_order_level=""""|max_order_level=""""|step_order_level=""""|product_box=""""|",,,,,0,1,"2015-09-18 12:54:52",855,"2015-09-18 13:19:10",855,"0000-00-00 00:00:00",0,MEN,,
113,1,0,,,"Jacket  - Half",,jacket-half,,,,,,,0,150.000000,191,0,0.00000,0,0,0,"0000-00-00 00:00:00","0000-00-00 00:00:00",0,0,1000.0000,G,,,,M,0,0,0,"2015-09-18 00:00:00",,0,0,KG,,"min_order_level=""""|max_order_level=""""|step_order_level=""""|product_box=""""|",,,,,0,1,"2015-09-18 12:55:32",855,"2015-09-18 13:19:47",855,"0000-00-00 00:00:00",0,MEN,,
114,1,0,,,"Jacket - Leather Half",,choli-silk,,,,,,,0,500.000000,191,0,0.00000,0,0,0,"0000-00-00 00:00:00","0000-00-00 00:00:00",0,0,1500.0000,G,,,,M,0,0,0,"2015-09-18 00:00:00",,0,0,KG,,"min_order_level=""""|max_order_level=""""|step_order_level=""""|product_box=""""|",,,,,0,1,"2015-09-18 12:56:29",855,"2015-09-18 13:20:38",855,"0000-00-00 00:00:00",0,MEN,,
115,1,0,,,Jeans,,jeans-6,,,,,,,0,100.000000,191,0,0.00000,0,0,0,"0000-00-00 00:00:00","0000-00-00 00:00:00",0,0,500.0000,G,,,,M,0,0,0,"2015-09-18 00:00:00",,0,0,KG,,"min_order_level=""""|max_order_level=""""|step_order_level=""""|product_box=""""|",,,,,0,1,"2015-09-18 12:57:44",855,"2015-09-18 13:21:46",855,"0000-00-00 00:00:00",0,MEN,,
116,1,0,,,"Choli (Lehenga) - Heavy Work",,choli-lehenga-heavy-work,,,,,,,,120.000000,191,0,0.00000,0,0,0,"0000-00-00 00:00:00","0000-00-00 00:00:00",0,0,500.0000,G,,,,M,0,0,0,"2015-09-18 00:00:00",,0,0,KG,,"min_order_level=""""|max_order_level=""""|step_order_level=""""|product_box=""""|",,,,,0,1,"2015-09-18 12:58:27",855,"2015-09-18 12:58:27",855,"0000-00-00 00:00:00",0,,,
117,1,0,,,"Choli (Lehenga) - Heavy Work",,choli-lehenga-heavy-work-1,,,,,,,,120.000000,191,0,0.00000,0,0,0,"0000-00-00 00:00:00","0000-00-00 00:00:00",0,0,500.0000,G,,,,M,0,0,0,"2015-09-18 00:00:00",,0,0,KG,,"min_order_level=""""|max_order_level=""""|step_order_level=""""|product_box=""""|",,,,,0,1,"2015-09-18 13:02:14",855,"2015-09-18 13:02:14",855,"0000-00-00 00:00:00",0,,,
118,1,0,,,"Kurta (Designer)",,kurta-designer,,,,,,,0,150.000000,191,0,0.00000,0,0,0,"0000-00-00 00:00:00","0000-00-00 00:00:00",0,0,400.0000,G,,,,M,0,0,0,"2015-09-18 00:00:00",,0,0,KG,,"min_order_level=""""|max_order_level=""""|step_order_level=""""|product_box=""""|",,,,,0,1,"2015-09-18 13:08:20",855,"2015-09-18 13:22:23",855,"0000-00-00 00:00:00",0,MEN,,
119,1,0,,,"Kurta Pyjama (Designer)",,kurta-pyjama-designer,,,,,,,0,280.000000,191,0,0.00000,0,0,0,"0000-00-00 00:00:00","0000-00-00 00:00:00",0,0,650.0000,G,,,,M,0,0,0,"2015-09-18 00:00:00",,0,0,KG,,"min_order_level=""""|max_order_level=""""|step_order_level=""""|product_box=""""|",,,,,0,1,"2015-09-18 13:23:15",855,"2015-09-18 13:23:15",855,"0000-00-00 00:00:00",0,MEN,,
120,1,0,,,"Kurta Pyjama Plain",,kurta-pyjama-plain,,,,,,,0,120.000000,191,0,0.00000,0,0,0,"0000-00-00 00:00:00","0000-00-00 00:00:00",0,0,500.0000,G,,,,M,0,0,0,"2015-09-18 00:00:00",,0,0,KG,,"min_order_level=""""|max_order_level=""""|step_order_level=""""|product_box=""""|",,,,,0,1,"2015-09-18 13:24:22",855,"2015-09-18 13:24:22",855,"0000-00-00 00:00:00",0,MEN,,
121,1,0,,,"Kurta Pyjama Silk",,kurta-pyjama-silk,,,,,,,0,180.000000,191,0,0.00000,0,0,0,"0000-00-00 00:00:00","0000-00-00 00:00:00",0,0,550.0000,G,,,,M,0,0,0,"2015-09-18 00:00:00",,0,0,KG,,"min_order_level=""""|max_order_level=""""|step_order_level=""""|product_box=""""|",,,,,0,1,"2015-09-18 13:25:07",855,"2015-09-18 13:25:07",855,"0000-00-00 00:00:00",0,MEN,,
122,1,0,,,"Long Coat",,long-coat,,,,,,,0,260.000000,191,0,0.00000,0,0,0,"0000-00-00 00:00:00","0000-00-00 00:00:00",0,0,2000.0000,G,,,,M,0,0,0,"2015-09-18 00:00:00",,0,0,KG,,"min_order_level=""""|max_order_level=""""|step_order_level=""""|product_box=""""|",,,,,0,1,"2015-09-18 13:25:58",855,"2015-09-18 13:25:58",855,"0000-00-00 00:00:00",0,MEN,,
123,1,0,,,Lungi,,lungi,,,,,,,0,60.000000,191,0,0.00000,0,0,0,"0000-00-00 00:00:00","0000-00-00 00:00:00",0,0,500.0000,G,,,,M,0,0,0,"2015-09-18 00:00:00",,0,0,KG,,"min_order_level=""""|max_order_level=""""|step_order_level=""""|product_box=""""|",,,,,0,1,"2015-09-18 13:26:45",855,"2015-09-18 13:26:45",855,"0000-00-00 00:00:00",0,MEN,,
124,1,0,,,"Men Scarf - Cotton",,men-scarf-cotton,,,,,,,0,50.000000,191,0,0.00000,0,0,0,"0000-00-00 00:00:00","0000-00-00 00:00:00",0,0,150.0000,G,,,,M,0,0,0,"2015-09-18 00:00:00",,0,0,KG,,"min_order_level=""""|max_order_level=""""|step_order_level=""""|product_box=""""|",,,,,0,1,"2015-09-18 13:27:27",855,"2015-09-18 13:27:27",855,"0000-00-00 00:00:00",0,MEN,,
125,1,0,,,"Men Scarf - Designer",,men-scarf-designer,,,,,,,0,80.000000,191,0,0.00000,0,0,0,"0000-00-00 00:00:00","0000-00-00 00:00:00",0,0,250.0000,G,,,,M,0,0,0,"2015-09-18 00:00:00",,0,0,KG,,"min_order_level=""""|max_order_level=""""|step_order_level=""""|product_box=""""|",,,,,0,1,"2015-09-18 13:28:17",855,"2015-09-18 13:28:17",855,"0000-00-00 00:00:00",0,MEN,,
126,1,0,,,"Men Scarf - Silk",,men-scarf-silk,,,,,,,,70.000000,191,0,0.00000,0,0,0,"0000-00-00 00:00:00","0000-00-00 00:00:00",0,0,200.0000,G,,,,M,0,0,0,"2015-09-18 00:00:00",,0,0,KG,,"min_order_level=""""|max_order_level=""""|step_order_level=""""|product_box=""""|",,,,,0,1,"2015-09-18 13:31:30",855,"2015-09-18 13:31:30",855,"0000-00-00 00:00:00",0,,,
127,1,0,,,"Men Scarf - Woolen",,men-scarf-woolen,,,,,,,0,70.000000,191,0,0.00000,0,0,0,"0000-00-00 00:00:00","0000-00-00 00:00:00",0,0,200.0000,G,,,,M,0,0,0,"2015-09-18 00:00:00",,0,0,KG,,"min_order_level=""""|max_order_level=""""|step_order_level=""""|product_box=""""|",,,,,0,1,"2015-09-18 13:32:11",855,"2015-09-18 13:32:11",855,"0000-00-00 00:00:00",0,MEN,,
128,1,0,,,Muffler,,muffler,,,,,,,,80.000000,191,0,0.00000,0,0,0,"0000-00-00 00:00:00","0000-00-00 00:00:00",0,0,750.0000,G,,,,M,0,0,0,"2015-09-18 00:00:00",,0,0,KG,,"min_order_level=""""|max_order_level=""""|step_order_level=""""|product_box=""""|",,,,,0,1,"2015-09-18 13:32:50",855,"2015-09-18 13:32:50",855,"0000-00-00 00:00:00",0,,,
129,1,0,,,"Over Coat",,over-coat,,,,,,,0,260.000000,191,0,0.00000,0,0,0,"0000-00-00 00:00:00","0000-00-00 00:00:00",0,0,2000.0000,G,,,,M,0,0,0,"2015-09-18 00:00:00",,0,0,KG,,"min_order_level=""""|max_order_level=""""|step_order_level=""""|product_box=""""|",,,,,0,1,"2015-09-18 13:33:27",855,"2015-09-18 13:33:27",855,"0000-00-00 00:00:00",0,MEN,,
130,1,0,,,"Pullover (Full)",,pullover-full,,,,,,,0,120.000000,191,0,0.00000,0,0,0,"0000-00-00 00:00:00","0000-00-00 00:00:00",0,0,1500.0000,G,,,,M,0,0,0,"2015-09-18 00:00:00",,0,0,KG,,"min_order_level=""""|max_order_level=""""|step_order_level=""""|product_box=""""|",,,,,0,1,"2015-09-18 13:34:31",855,"2015-09-18 13:34:31",855,"0000-00-00 00:00:00",0,MEN,,
131,1,0,,,"Pullover (Half)",,pullover-half,,,,,,,0,80.000000,191,0,0.00000,0,0,0,"0000-00-00 00:00:00","0000-00-00 00:00:00",0,0,900.0000,G,,,,M,0,0,0,"2015-09-18 00:00:00",,0,0,KG,,"min_order_level=""""|max_order_level=""""|step_order_level=""""|product_box=""""|",,,,,0,1,"2015-09-18 13:35:15",855,"2015-09-18 13:35:15",855,"0000-00-00 00:00:00",0,MEN,,
132,1,0,,,Pyjama,,pyjama,,,,,,,0,60.000000,191,0,0.00000,0,0,0,"0000-00-00 00:00:00","0000-00-00 00:00:00",0,0,250.0000,G,,,,M,0,0,0,"2015-09-18 00:00:00",,0,0,KG,,"min_order_level=""""|max_order_level=""""|step_order_level=""""|product_box=""""|",,,,,0,1,"2015-09-18 13:36:00",855,"2015-09-18 13:36:00",855,"0000-00-00 00:00:00",0,MEN,,
133,1,0,,,"Pyjama (Silk)",,pyjama-silk,,,,,,,0,80.000000,191,0,0.00000,0,0,0,"0000-00-00 00:00:00","0000-00-00 00:00:00",0,0,260.0000,G,,,,M,0,0,0,"2015-09-18 00:00:00",,0,0,KG,,"min_order_level=""""|max_order_level=""""|step_order_level=""""|product_box=""""|",,,,,0,1,"2015-09-18 13:36:40",855,"2015-09-18 13:36:40",855,"0000-00-00 00:00:00",0,MEN,,
134,1,0,,,"Safari Suit -2 Piece",,safari-suit-2-piece,,,,,,,0,220.000000,191,0,0.00000,0,0,0,"0000-00-00 00:00:00","0000-00-00 00:00:00",0,0,1200.0000,G,,,,M,0,0,0,"2015-09-18 00:00:00",,0,0,KG,,"min_order_level=""""|max_order_level=""""|step_order_level=""""|product_box=""""|",,,,,0,1,"2015-09-18 13:37:23",855,"2015-09-18 13:37:23",855,"0000-00-00 00:00:00",0,MEN,,
135,1,0,,,Shawl,,shawl,,,,,,,0,100.000000,191,0,0.00000,0,0,0,"0000-00-00 00:00:00","0000-00-00 00:00:00",0,0,750.0000,G,,,,M,0,0,0,"2015-09-18 00:00:00",,0,0,KG,,"min_order_level=""""|max_order_level=""""|step_order_level=""""|product_box=""""|",,,,,0,1,"2015-09-18 13:38:06",855,"2015-09-18 13:38:06",855,"0000-00-00 00:00:00",0,MEN,,
136,1,0,,,"Shawl (Pashmina)",,shawl-pashmina,,,,,,,0,300.000000,191,0,0.00000,0,0,0,"0000-00-00 00:00:00","0000-00-00 00:00:00",0,0,400.0000,G,,,,M,0,0,0,"2015-09-18 00:00:00",,0,0,KG,,"min_order_level=""""|max_order_level=""""|step_order_level=""""|product_box=""""|",,,,,0,1,"2015-09-18 13:38:42",855,"2015-09-18 13:38:42",855,"0000-00-00 00:00:00",0,MEN,,
137,1,0,,,"Shawl (Semi Pashmina)",,shawl-semi-pashmina,,,,,,,0,180.000000,191,0,0.00000,0,0,0,"0000-00-00 00:00:00","0000-00-00 00:00:00",0,0,350.0000,G,,,,M,0,0,0,"2015-09-21 00:00:00",,0,0,KG,,"min_order_level=""""|max_order_level=""""|step_order_level=""""|product_box=""""|",,,,,0,1,"2015-09-21 05:39:14",855,"2015-09-21 05:39:14",855,"0000-00-00 00:00:00",0,MEN,,
138,1,0,,,"Sherwani - Achkan",,sherwani-achkan,,,,,,,0,250.000000,191,0,0.00000,0,0,0,"0000-00-00 00:00:00","0000-00-00 00:00:00",0,0,4000.0000,G,,,,M,0,0,0,"2015-09-21 00:00:00",,0,0,KG,,"min_order_level=""""|max_order_level=""""|step_order_level=""""|product_box=""""|",,,,,0,1,"2015-09-21 05:42:46",855,"2015-09-21 05:42:46",855,"0000-00-00 00:00:00",0,MEN,,
139,1,0,,,"Sherwani - Designer Work",,sherwani-designer-work,,,,,,,0,550.000000,191,0,0.00000,0,0,0,"0000-00-00 00:00:00","0000-00-00 00:00:00",0,0,5500.0000,G,,,,M,0,0,0,"2015-09-21 00:00:00",,0,0,KG,,"min_order_level=""""|max_order_level=""""|step_order_level=""""|product_box=""""|",,,,,0,1,"2015-09-21 05:43:31",855,"2015-09-21 05:43:31",855,"0000-00-00 00:00:00",0,MEN,,
140,1,0,,,"Sherwani - Embroidery",,sherwani-embroidery,,,,,,,0,350.000000,191,0,0.00000,0,0,0,"0000-00-00 00:00:00","0000-00-00 00:00:00",0,0,5500.0000,G,,,,M,0,0,0,"2015-09-21 00:00:00",,0,0,KG,,"min_order_level=""""|max_order_level=""""|step_order_level=""""|product_box=""""|",,,,,0,1,"2015-09-21 05:44:18",855,"2015-09-21 05:44:18",855,"0000-00-00 00:00:00",0,MEN,,
141,1,0,,,"Sherwani (Dupatta)",,sherwani-dupatta,,,,,,,0,150.000000,191,0,0.00000,0,0,0,"0000-00-00 00:00:00","0000-00-00 00:00:00",0,0,650.0000,G,,,,M,0,0,0,"2015-09-21 00:00:00",,0,0,KG,,"min_order_level=""""|max_order_level=""""|step_order_level=""""|product_box=""""|",,,,,0,1,"2015-09-21 05:45:16",855,"2015-09-21 05:45:16",855,"0000-00-00 00:00:00",0,MEN,,
142,1,0,,,Shirt,,shirt-10,,,,,,,0,80.000000,191,0,0.00000,0,0,0,"0000-00-00 00:00:00","0000-00-00 00:00:00",0,0,250.0000,G,,,,M,0,0,0,"2015-09-21 00:00:00",,0,0,KG,,"min_order_level=""""|max_order_level=""""|step_order_level=""""|product_box=""""|",,,,,0,1,"2015-09-21 05:46:18",855,"2015-09-21 05:46:18",855,"0000-00-00 00:00:00",0,MEN,,
143,1,0,,,Short,,short,,,,,,,0,60.000000,191,0,0.00000,0,0,0,"0000-00-00 00:00:00","0000-00-00 00:00:00",0,0,200.0000,G,,,,M,0,0,0,"2015-09-21 00:00:00",,0,0,KG,,"min_order_level=""""|max_order_level=""""|step_order_level=""""|product_box=""""|",,,,,0,1,"2015-09-21 05:47:08",855,"2015-09-21 05:47:08",855,"0000-00-00 00:00:00",0,MEN,,
144,1,0,,,"Socks (Pair)",,socks-pair,,,,,,,0,30.000000,191,0,0.00000,0,0,0,"0000-00-00 00:00:00","0000-00-00 00:00:00",0,0,50.0000,G,,,,M,0,0,0,"2015-09-21 00:00:00",,0,0,KG,,"min_order_level=""""|max_order_level=""""|step_order_level=""""|product_box=""""|",,,,,0,1,"2015-09-21 05:48:07",855,"2015-09-21 05:48:07",855,"0000-00-00 00:00:00",0,MEN,,
145,1,0,,,"Suit (Three Piece)",,suit-three-piece,,,,,,,0,470.000000,191,0,0.00000,0,0,0,"0000-00-00 00:00:00","0000-00-00 00:00:00",0,0,1500.0000,G,,,,M,0,0,0,"2015-09-21 00:00:00",,0,0,KG,,"min_order_level=""""|max_order_level=""""|step_order_level=""""|product_box=""""|",,,,,0,1,"2015-09-21 05:49:01",855,"2015-09-21 05:49:01",855,"0000-00-00 00:00:00",0,MEN,,
146,1,0,,,"Suit (Two Piece)",,suit-two-piece,,,,,,,0,320.000000,191,0,0.00000,0,0,0,"0000-00-00 00:00:00","0000-00-00 00:00:00",0,0,1100.0000,G,,,,M,0,0,0,"2015-09-21 00:00:00",,0,0,KG,,"min_order_level=""""|max_order_level=""""|step_order_level=""""|product_box=""""|",,,,,0,1,"2015-09-21 05:49:48",855,"2015-09-21 05:49:48",855,"0000-00-00 00:00:00",0,MEN,,
147,1,0,,,"Sweat Shirt",,sweat-shirt,,,,,,,0,80.000000,191,0,0.00000,0,0,0,"0000-00-00 00:00:00","0000-00-00 00:00:00",0,0,500.0000,G,,,,M,0,0,0,"2015-09-21 00:00:00",,0,0,KG,,"min_order_level=""""|max_order_level=""""|step_order_level=""""|product_box=""""|",,,,,0,1,"2015-09-21 05:50:34",855,"2015-09-21 05:50:34",855,"0000-00-00 00:00:00",0,MEN,,
148,1,0,,,"Sweater Full - Blended Fabric",,sweater-full-blended-fabric,,,,,,,0,150.000000,191,0,0.00000,0,0,0,"0000-00-00 00:00:00","0000-00-00 00:00:00",0,0,750.0000,G,,,,M,0,0,0,"2015-09-21 00:00:00",,0,0,KG,,"min_order_level=""""|max_order_level=""""|step_order_level=""""|product_box=""""|",,,,,0,1,"2015-09-21 05:51:25",855,"2015-09-21 05:51:25",855,"0000-00-00 00:00:00",0,MEN,,
149,1,0,,,"Sweater Full - Cashmere",,sweater-full-cashmere,,,,,,,0,200.000000,191,0,0.00000,0,0,0,"0000-00-00 00:00:00","0000-00-00 00:00:00",0,0,750.0000,G,,,,M,0,0,0,"2015-09-21 00:00:00",,0,0,KG,,"min_order_level=""""|max_order_level=""""|step_order_level=""""|product_box=""""|",,,,,0,1,"2015-09-21 05:52:11",855,"2015-09-21 05:52:11",855,"0000-00-00 00:00:00",0,MEN,,
150,1,0,,,"Sweater Full - Cotton",,sweater-full-cotton,,,,,,,0,120.000000,191,0,0.00000,0,0,0,"0000-00-00 00:00:00","0000-00-00 00:00:00",0,0,600.0000,G,,,,M,0,0,0,"2015-09-21 00:00:00",,0,0,KG,,"min_order_level=""""|max_order_level=""""|step_order_level=""""|product_box=""""|",,,,,0,1,"2015-09-21 05:53:10",855,"2015-09-21 05:53:10",855,"0000-00-00 00:00:00",0,MEN,,
151,1,0,,,"Sweater Full - Synthetic Fabric",,sweater-full-synthetic-fabric,,,,,,,0,120.000000,191,0,0.00000,0,0,0,"0000-00-00 00:00:00","0000-00-00 00:00:00",0,0,750.0000,G,,,,M,0,0,0,"2015-09-21 00:00:00",,0,0,KG,,"min_order_level=""""|max_order_level=""""|step_order_level=""""|product_box=""""|",,,,,0,1,"2015-09-21 05:54:04",855,"2015-09-21 05:54:04",855,"0000-00-00 00:00:00",0,MEN,,
152,1,0,,,"Sweater Full - Woolen",,sweater-full-woolen,,,,,,,0,200.000000,191,0,0.00000,0,0,0,"0000-00-00 00:00:00","0000-00-00 00:00:00",0,0,750.0000,G,,,,M,0,0,0,"2015-09-21 00:00:00",,0,0,KG,,"min_order_level=""""|max_order_level=""""|step_order_level=""""|product_box=""""|",,,,,0,1,"2015-09-21 06:01:08",855,"2015-09-21 06:01:08",855,"0000-00-00 00:00:00",0,MEN,,
153,1,0,,,Cap,,cap,,,,,,,0,50.000000,191,0,0.00000,0,0,0,"0000-00-00 00:00:00","0000-00-00 00:00:00",0,0,100.0000,G,,,,M,0,0,0,"2015-09-21 00:00:00",,0,0,KG,,"min_order_level=""""|max_order_level=""""|step_order_level=""""|product_box=""""|",,,,,0,1,"2015-09-21 06:13:01",855,"2015-09-21 06:16:43",855,"0000-00-00 00:00:00",0,WOMEN,,
154,1,0,,,Capri,,capri,,,,,,,0,80.000000,191,0,0.00000,0,0,0,"0000-00-00 00:00:00","0000-00-00 00:00:00",0,0,400.0000,G,,,,M,0,0,0,"2015-09-21 00:00:00",,0,0,KG,,"min_order_level=""""|max_order_level=""""|step_order_level=""""|product_box=""""|",,,,,0,1,"2015-09-21 06:17:41",855,"2015-09-21 06:17:41",855,"0000-00-00 00:00:00",0,WOMEN,,
155,1,0,,,"Cardigen (Full)",,cardigen-full,,,,,,,0,120.000000,191,0,0.00000,0,0,0,"0000-00-00 00:00:00","0000-00-00 00:00:00",0,0,700.0000,G,,,,M,0,0,0,"2015-09-21 00:00:00",,0,0,KG,,"min_order_level=""""|max_order_level=""""|step_order_level=""""|product_box=""""|",,,,,0,1,"2015-09-21 06:18:25",855,"2015-09-21 06:18:48",855,"0000-00-00 00:00:00",0,MEN,,
156,1,0,,,"Cardigen (Half)",,cardigen-half,,,,,,,0,80.000000,191,0,0.00000,0,0,0,"0000-00-00 00:00:00","0000-00-00 00:00:00",0,0,500.0000,G,,,,M,0,0,0,"2015-09-21 00:00:00",,0,0,KG,,"min_order_level=""""|max_order_level=""""|step_order_level=""""|product_box=""""|",,,,,0,1,"2015-09-21 06:19:23",855,"2015-09-21 06:19:23",855,"0000-00-00 00:00:00",0,WOMEN,,
157,1,0,,,"Jacket - Leather Full",,harenfr,,,,,,,0,56.000000,191,0,0.00000,0,0,0,"0000-00-00 00:00:00","0000-00-00 00:00:00",0,0,100.0000,G,,,,M,0,0,0,"2015-10-05 00:00:00",,0,0,KG,,"min_order_level=""""|max_order_level=""""|step_order_level=""""|product_box=""""|",,,,,0,1,"2015-10-05 12:17:35",855,"2015-10-30 10:47:30",855,"0000-00-00 00:00:00",0,MEN,,
158,1,0,,,"Payjama / Short / Dhoti / Gents Kurta / Lungi",,payjama-short-dhoti-gents-kurta-lungi,,,,,,,0,60.000000,68,0,0.00000,0,0,0,"0000-00-00 00:00:00","0000-00-00 00:00:00",0,0,,KG,,,,M,0,0,0,"2015-10-12 00:00:00",,0,0,KG,,"min_order_level=""""|max_order_level=""""|step_order_level=""""|product_box=""""|",,,,,0,1,"2015-10-12 07:52:26",855,"2015-10-16 06:17:25",855,"0000-00-00 00:00:00",0,"DRY CLEANING FOR HIM",,
159,1,0,,,"Shirt / T-Shirt / Pullover Half / Sweat Shirt",,shirt-t-shirt-pullover-half-sweat-shirt,,,,,,,0,80.000000,191,0,0.00000,0,0,0,"0000-00-00 00:00:00","0000-00-00 00:00:00",0,0,,KG,,,,M,0,0,0,"2015-10-12 00:00:00",,0,0,KG,,"min_order_level=""""|max_order_level=""""|step_order_level=""""|product_box=""""|",,,,,0,1,"2015-10-12 07:52:51",855,"2015-10-12 07:52:51",855,"0000-00-00 00:00:00",0,"DRY CLEANING FOR HIM",,
160,1,0,,,"Gents Kurta Silk / Jeans / Shawl / Trouser",,gents-kurta-silk-jeans-shawl-trouser,,,,,,,0,100.000000,191,0,0.00000,0,0,0,"0000-00-00 00:00:00","0000-00-00 00:00:00",0,0,,KG,,,,M,0,0,0,"2015-10-12 00:00:00",,0,0,KG,,"min_order_level=""""|max_order_level=""""|step_order_level=""""|product_box=""""|",,,,,0,1,"2015-10-12 07:53:23",855,"2015-10-12 07:53:23",855,"0000-00-00 00:00:00",0,"DRY CLEANING FOR HIM",,
161,1,0,,,"Kurta Pyjama Plain / Pullover",,kurta-pyjama-plain-pullover,,,,,,,0,120.000000,191,0,0.00000,0,0,0,"0000-00-00 00:00:00","0000-00-00 00:00:00",0,0,,KG,,,,M,0,0,0,"2015-10-12 00:00:00",,0,0,KG,,"min_order_level=""""|max_order_level=""""|step_order_level=""""|product_box=""""|",,,,,0,1,"2015-10-12 07:53:39",855,"2015-10-12 08:18:59",855,"0000-00-00 00:00:00",0,"DRY CLEANING FOR HIM",,
162,1,0,,,"Gents Kurta Embroidery / Jacket Half",,gents-kurta-embroidery-jacket-half,,,,,,,0,150.000000,191,0,0.00000,0,0,0,"0000-00-00 00:00:00","0000-00-00 00:00:00",0,0,,KG,,,,M,0,0,0,"2015-10-12 00:00:00",,0,0,KG,,"min_order_level=""""|max_order_level=""""|step_order_level=""""|product_box=""""|",,,,,0,1,"2015-10-12 07:53:55",855,"2015-10-12 08:19:05",855,"0000-00-00 00:00:00",0,"DRY CLEANING FOR HIM",,
163,1,0,,,"Kurta Pyjama Silk / Track Suit",,kurta-pyjama-silk-track-suit,,,,,,,0,180.000000,191,0,0.00000,0,0,0,"0000-00-00 00:00:00","0000-00-00 00:00:00",0,0,,KG,,,,M,0,0,0,"2015-10-12 00:00:00",,0,0,KG,,"min_order_level=""""|max_order_level=""""|step_order_level=""""|product_box=""""|",,,,,0,1,"2015-10-12 07:54:20",855,"2015-10-12 08:19:09",855,"0000-00-00 00:00:00",0,"DRY CLEANING FOR HIM",,
164,1,0,,,"Coat / Jacket / Safari Suit",,coat-jacket-safari-suit,,,,,,,0,220.000000,191,0,0.00000,0,0,0,"0000-00-00 00:00:00","0000-00-00 00:00:00",0,0,,KG,,,,M,0,0,0,"2015-10-12 00:00:00",,0,0,KG,,"min_order_level=""""|max_order_level=""""|step_order_level=""""|product_box=""""|",,,,,0,1,"2015-10-12 07:54:34",855,"2015-10-12 08:19:19",855,"0000-00-00 00:00:00",0,"DRY CLEANING FOR HIM",,
165,1,0,,,"Blouse Plain / Dupatta Plain",,blouse-plain-dupatta-plain,,,,,,,0,60.000000,191,0,0.00000,0,0,0,"0000-00-00 00:00:00","0000-00-00 00:00:00",0,0,,KG,,,,M,0,0,0,"2015-10-12 00:00:00",,0,0,KG,,"min_order_level=""""|max_order_level=""""|step_order_level=""""|product_box=""""|",,,,,0,1,"2015-10-12 09:51:54",855,"2015-10-12 09:51:54",855,"0000-00-00 00:00:00",0,"DRY CLEANING FOR HER",,
166,1,0,,,"Capri / Blouse Work / Peticot / Skirt / Top Hand Bag Small",,capri-blouse-work-peticot-skirt-top-hand-bag-small,,,,,,,0,80.000000,191,0,0.00000,0,0,0,"0000-00-00 00:00:00","0000-00-00 00:00:00",0,0,,KG,,,,M,0,0,0,"2015-10-12 00:00:00",,0,0,KG,,"min_order_level=""""|max_order_level=""""|step_order_level=""""|product_box=""""|",,,,,0,1,"2015-10-12 09:52:49",855,"2015-10-12 09:55:12",855,"0000-00-00 00:00:00",0,"DRY CLEANING FOR HER",,
167,1,0,,,"Salwar / Blouse Heavy Embroidery / Dupatta L Work / Ladies Kurta Plain / Stole",,salwar-blouse-heavy-embroidery-dupatta-l-work-ladies-kurta-plain-stole,,,,,,,0,100.000000,191,0,0.00000,0,0,0,"0000-00-00 00:00:00","0000-00-00 00:00:00",0,0,,KG,,,,M,0,0,0,"2015-10-12 00:00:00",,0,0,KG,,"min_order_level=""""|max_order_level=""""|step_order_level=""""|product_box=""""|",,,,,0,1,"2015-10-12 09:53:11",855,"2015-10-12 09:56:07",855,"0000-00-00 00:00:00",0,"DRY CLEANING FOR HER",,
168,1,0,,,"Dupatta Heavy / Ladies Kurta Silk / Nighty / Skirt Woolen",,dupatta-heavy-ladies-kurta-silk-nighty-skirt-woolen,,,,,,,0,120.000000,191,0,0.00000,0,0,0,"0000-00-00 00:00:00","0000-00-00 00:00:00",0,0,,KG,,,,M,0,0,0,"2015-10-12 00:00:00",,0,0,KG,,"min_order_level=""""|max_order_level=""""|step_order_level=""""|product_box=""""|",,,,,0,1,"2015-10-12 09:53:28",855,"2015-10-12 09:55:20",855,"0000-00-00 00:00:00",0,"DRY CLEANING FOR HER",,
169,1,0,,,"Saree Plain / Top Embroidery",,saree-plain-top-embroidery,,,,,,,0,140.000000,191,0,0.00000,0,0,0,"0000-00-00 00:00:00","0000-00-00 00:00:00",0,0,,KG,,,,M,0,0,0,"2015-10-12 00:00:00",,0,0,KG,,"min_order_level=""""|max_order_level=""""|step_order_level=""""|product_box=""""|",,,,,0,1,"2015-10-12 09:53:44",855,"2015-10-12 09:55:26",855,"0000-00-00 00:00:00",0,"DRY CLEANING FOR HER",,
170,1,0,,,"Dressing Gown / Nighty 2pcs / Saree Light Work",,dressing-gown-nighty-2pcs-saree-light-work,,,,,,,0,180.000000,191,0,0.00000,0,0,0,"0000-00-00 00:00:00","0000-00-00 00:00:00",0,0,,KG,,,,M,0,0,0,"2015-10-12 00:00:00",,0,0,KG,,"min_order_level=""""|max_order_level=""""|step_order_level=""""|product_box=""""|",,,,,0,1,"2015-10-12 09:53:59",855,"2015-10-12 09:55:37",855,"0000-00-00 00:00:00",0,"DRY CLEANING FOR HER",,
171,1,0,,,"Saree Silk / Ladies Kurta Work / Ladies Suit 2 Pcs",,saree-silk-ladies-kurta-work-ladies-suit-2-pcs,,,,,,,0,200.000000,191,0,0.00000,0,0,0,"0000-00-00 00:00:00","0000-00-00 00:00:00",0,0,,KG,,,,M,0,0,0,"2015-10-12 00:00:00",,0,0,KG,,"min_order_level=""""|max_order_level=""""|step_order_level=""""|product_box=""""|",,,,,0,1,"2015-10-12 09:54:17",855,"2015-10-12 09:55:44",855,"0000-00-00 00:00:00",0,"DRY CLEANING FOR HER",,
172,1,0,,,"Ladies Kurta Embroidery / Saree Heavy Work / Stole Pushmina",,ladies-kurta-embroidery-saree-heavy-work-stole-pushmina,,,,,,,0,250.000000,191,0,0.00000,0,0,0,"0000-00-00 00:00:00","0000-00-00 00:00:00",0,0,,KG,,,,M,0,0,0,"2015-10-12 00:00:00",,0,0,KG,,"min_order_level=""""|max_order_level=""""|step_order_level=""""|product_box=""""|",,,,,0,1,"2015-10-12 09:54:36",855,"2015-10-12 09:55:51",855,"0000-00-00 00:00:00",0,"DRY CLEANING FOR HER",,
173,1,0,,,"Hand Towel/Napkin",,hand-towel-napkin,,,,,,,0,50.000000,191,0,0.00000,0,0,0,"0000-00-00 00:00:00","0000-00-00 00:00:00",0,0,,KG,,,,M,0,0,0,"2015-10-12 00:00:00",,0,0,KG,,"min_order_level=""""|max_order_level=""""|step_order_level=""""|product_box=""""|",,,,,0,1,"2015-10-12 10:00:04",855,"2015-10-12 10:00:04",855,"0000-00-00 00:00:00",0,"DRY CLEANING FOR YOUR HOME",,
174,1,0,,,"Pillow Cover/Table Matt",,pillow-cover-table-matt,,,,,,,0,60.000000,191,0,0.00000,0,0,0,"0000-00-00 00:00:00","0000-00-00 00:00:00",0,0,,KG,,,,M,0,0,0,"2015-10-12 00:00:00",,0,0,KG,,"min_order_level=""""|max_order_level=""""|step_order_level=""""|product_box=""""|",,,,,0,1,"2015-10-12 10:01:19",855,"2015-10-12 10:12:06",855,"0000-00-00 00:00:00",0,"DRY CLEANING FOR YOUR HOME",,
175,1,0,,,"Small Hand Bag",,small-hand-bag,,,,,,,0,80.000000,191,0,0.00000,0,0,0,"0000-00-00 00:00:00","0000-00-00 00:00:00",0,0,,KG,,,,M,0,0,0,"2015-10-12 00:00:00",,0,0,KG,,"min_order_level=""""|max_order_level=""""|step_order_level=""""|product_box=""""|",,,,,0,1,"2015-10-12 10:11:57",855,"2015-10-12 10:11:57",855,"0000-00-00 00:00:00",0,"DRY CLEANING FOR YOUR HOME",,
176,1,0,,,"Cushion Cover/Bath Towel",,cushion-cover-bath-towel,,,,,,,0,90.000000,191,0,0.00000,0,0,0,"0000-00-00 00:00:00","0000-00-00 00:00:00",0,0,,KG,,,,M,0,0,0,"2015-10-12 00:00:00",,0,0,KG,,"min_order_level=""""|max_order_level=""""|step_order_level=""""|product_box=""""|",,,,,0,1,"2015-10-12 10:12:52",855,"2015-10-12 10:12:52",855,"0000-00-00 00:00:00",0,"DRY CLEANING FOR YOUR HOME",,
177,1,0,,,"Large Hand Bag",,large-hand-bag,,,,,,,0,120.000000,191,0,0.00000,0,0,0,"0000-00-00 00:00:00","0000-00-00 00:00:00",0,0,,KG,,,,M,0,0,0,"2015-10-12 00:00:00",,0,0,KG,,"min_order_level=""""|max_order_level=""""|step_order_level=""""|product_box=""""|",,,,,0,1,"2015-10-12 10:13:13",855,"2015-10-12 10:13:13",855,"0000-00-00 00:00:00",0,"DRY CLEANING FOR YOUR HOME",,
178,1,0,,,"Bedsheet (Single) / Table Cloth / Window Curtain",,bedsheet-single-table-cloth-window-curtain,,,,,,,0,150.000000,191,0,0.00000,0,0,0,"0000-00-00 00:00:00","0000-00-00 00:00:00",0,0,,KG,,,,M,0,0,0,"2015-10-12 00:00:00",,0,0,KG,,"min_order_level=""""|max_order_level=""""|step_order_level=""""|product_box=""""|",,,,,0,1,"2015-10-12 10:13:35",855,"2015-10-12 10:13:35",855,"0000-00-00 00:00:00",0,"DRY CLEANING FOR YOUR HOME",,
179,1,0,,,"Bedsheet (Double) / Window Curtain lining",,bedsheet-double-window-curtain-lining,,,,,,,0,180.000000,191,0,0.00000,0,0,0,"0000-00-00 00:00:00","0000-00-00 00:00:00",0,0,,KG,,,,M,0,0,0,"2015-10-12 00:00:00",,0,0,KG,,"min_order_level=""""|max_order_level=""""|step_order_level=""""|product_box=""""|",,,,,0,1,"2015-10-12 10:14:29",855,"2015-10-12 10:14:29",855,"0000-00-00 00:00:00",0,"DRY CLEANING FOR YOUR HOME",,
180,1,0,,,"Door Curtain / Blanket (Single) / Bedcover (Single)",,door-curtain-blanket-single-bedcover-single,,,,,,,0,220.000000,191,0,0.00000,0,0,0,"0000-00-00 00:00:00","0000-00-00 00:00:00",0,0,,KG,,,,M,0,0,0,"2015-10-12 00:00:00",,0,0,KG,,"min_order_level=""""|max_order_level=""""|step_order_level=""""|product_box=""""|",,,,,0,1,"2015-10-12 10:15:04",855,"2015-10-12 10:15:04",855,"0000-00-00 00:00:00",0,"DRY CLEANING FOR YOUR HOME",,
181,1,0,,,"Door Curtain lining / Quilt Cover (Single/Double) / Blanket (Double)",,door-curtain-lining-quilt-cover-single-double-blanket-double,,,,,,,0,250.000000,191,0,0.00000,0,0,0,"0000-00-00 00:00:00","0000-00-00 00:00:00",0,0,,KG,,,,M,0,0,0,"2015-10-12 00:00:00",,0,0,KG,,"min_order_level=""""|max_order_level=""""|step_order_level=""""|product_box=""""|",,,,,0,1,"2015-10-12 10:15:28",855,"2015-10-12 10:15:28",855,"0000-00-00 00:00:00",0,"DRY CLEANING FOR YOUR HOME",,
182,1,0,,,"Bedcover (Double) / Bedcover (Fancy) / Quilt (Single) / Ceiling Height Lining",,bedcover-double-bedcover-fancy-quilt-single-ceiling-height-lining,,,,,,,0,350.000000,191,0,0.00000,0,0,0,"0000-00-00 00:00:00","0000-00-00 00:00:00",0,0,,KG,,,,M,0,0,0,"2015-10-12 00:00:00",,0,0,KG,,"min_order_level=""""|max_order_level=""""|step_order_level=""""|product_box=""""|",,,,,0,1,"2015-10-12 10:15:45",855,"2015-10-12 10:15:45",855,"0000-00-00 00:00:00",0,"DRY CLEANING FOR YOUR HOME",,
183,1,0,,,"Ceiling Height Curtain / Quilt (Double)",,ceiling-height-curtain-quilt-double,,,,,,,0,400.000000,191,0,0.00000,0,0,0,"0000-00-00 00:00:00","0000-00-00 00:00:00",0,0,,KG,,,,M,0,0,0,"2015-10-12 00:00:00",,0,0,KG,,"min_order_level=""""|max_order_level=""""|step_order_level=""""|product_box=""""|",,,,,0,1,"2015-10-12 10:16:11",855,"2015-10-12 10:16:11",855,"0000-00-00 00:00:00",0,"DRY CLEANING FOR YOUR HOME",,
184,1,0,,,Jeans,,jeans-13,,,,,,,0,45.000000,191,0,0.00000,0,0,0,"0000-00-00 00:00:00","0000-00-00 00:00:00",0,0,0.3000,G,,,,M,0,0,0,"2015-10-24 00:00:00",,0,0,KG,,"min_order_level=""""|max_order_level=""""|step_order_level=""""|product_box=""""|",,,,,0,1,"2015-10-24 08:29:53",855,"2015-10-24 08:29:53",855,"0000-00-00 00:00:00",0,KIDS,,
185,1,0,,,Cap,,cap-2,,,,,,,0,,,,,,,,,,,,,KG,,,,M,0,0,0,"2015-10-30 00:00:00",,0,0,KG,,"min_order_level=""""|max_order_level=""""|step_order_level=""""|product_box=""""|",,,,,0,1,"2015-10-30 10:51:11",855,"2015-10-30 10:51:11",855,"0000-00-00 00:00:00",0,WOMEN,,
186,1,0,,,Capri,,capri-1,,,,,,,0,,,,,,,,,,,,,KG,,,,M,0,0,0,"2015-10-30 00:00:00",,0,0,KG,,"min_order_level=""""|max_order_level=""""|step_order_level=""""|product_box=""""|",,,,,0,1,"2015-10-30 10:51:36",855,"2015-10-30 10:51:36",855,"0000-00-00 00:00:00",0,WOMEN,,
187,1,0,,,"Cardigen (Full)",,cardigen-full-2,,,,,,,0,,,,,,,,,,,,,KG,,,,M,0,0,0,"2015-10-30 00:00:00",,0,0,KG,,"min_order_level=""""|max_order_level=""""|step_order_level=""""|product_box=""""|",,,,,0,1,"2015-10-30 10:52:10",855,"2015-10-30 10:52:10",855,"0000-00-00 00:00:00",0,WOMEN,,
188,1,0,,,"Cardigen (Half)",,cardigen-half-2,,,,,,,0,,,,,,,,,,,,,KG,,,,M,0,0,0,"2015-10-30 00:00:00",,0,0,KG,,"min_order_level=""""|max_order_level=""""|step_order_level=""""|product_box=""""|",,,,,0,1,"2015-10-30 10:52:35",855,"2015-10-30 10:52:35",855,"0000-00-00 00:00:00",0,WOMEN,,
189,1,0,,,Shirts,,shirts,,,,,,,0,,,,,,,,,,,,,KG,,,,M,0,0,0,"2015-10-30 00:00:00",,0,0,KG,,"min_order_level=""""|max_order_level=""""|step_order_level=""""|product_box=""""|",,,,,0,1,"2015-10-30 10:54:31",855,"2015-10-30 10:54:31",855,"0000-00-00 00:00:00",0,KIDS,,
190,1,0,,,Blazer,,blazer-2,,,,,,,0,,,,,,,,,,,,,KG,,,,M,0,0,0,"2015-10-30 00:00:00",,0,0,KG,,"min_order_level=""""|max_order_level=""""|step_order_level=""""|product_box=""""|",,,,,0,1,"2015-10-30 10:55:12",855,"2015-10-30 10:55:12",855,"0000-00-00 00:00:00",0,KIDS,,
191,1,0,,,Jacket,,jacket,,,,,,,0,,,,,,,,,,,,,KG,,,,M,0,0,0,"2015-10-30 00:00:00",,0,0,KG,,"min_order_level=""""|max_order_level=""""|step_order_level=""""|product_box=""""|",,,,,0,1,"2015-10-30 10:55:40",855,"2015-10-30 10:55:40",855,"0000-00-00 00:00:00",0,KIDS,,
192,1,0,,,Cap,,cap-3,,,,,,,0,,,,,,,,,,,,,KG,,,,M,0,0,0,"2015-10-30 00:00:00",,0,0,KG,,"min_order_level=""""|max_order_level=""""|step_order_level=""""|product_box=""""|",,,,,0,1,"2015-10-30 10:56:12",855,"2015-10-30 10:56:12",855,"0000-00-00 00:00:00",0,KIDS,,
193,1,0,,,Hat,,hat-1,,,,,,,0,,,,,,,,,,,,,KG,,,,M,0,0,0,"2015-10-30 00:00:00",,0,0,KG,,"min_order_level=""""|max_order_level=""""|step_order_level=""""|product_box=""""|",,,,,0,1,"2015-10-30 10:56:37",855,"2015-10-30 10:56:37",855,"0000-00-00 00:00:00",0,KIDS,,
194,1,0,,,Skirt,,skirt,,,,,,,0,,,,,,,,,,,,,KG,,,,M,0,0,0,"2015-10-30 00:00:00",,0,0,KG,,"min_order_level=""""|max_order_level=""""|step_order_level=""""|product_box=""""|",,,,,0,1,"2015-10-30 10:57:08",855,"2015-10-30 10:57:08",855,"0000-00-00 00:00:00",0,KIDS,,
195,1,0,,,Top,,top,,,,,,,0,,,,,,,,,,,,,KG,,,,M,0,0,0,"2015-10-30 00:00:00",,0,0,KG,,"min_order_level=""""|max_order_level=""""|step_order_level=""""|product_box=""""|",,,,,0,1,"2015-10-30 10:57:44",855,"2015-10-30 10:57:44",855,"0000-00-00 00:00:00",0,KIDS,,
196,1,0,,,Cargo,,cargo,,,,,,,0,,,,,,,,,,,,,KG,,,,M,0,0,0,"2015-10-30 00:00:00",,0,0,KG,,"min_order_level=""""|max_order_level=""""|step_order_level=""""|product_box=""""|",,,,,0,1,"2015-10-30 10:58:02",855,"2015-10-30 10:58:02",855,"0000-00-00 00:00:00",0,KIDS,,
197,1,0,,,Shorts,,shorts,,,,,,,0,,,,,,,,,,,,,KG,,,,M,0,0,0,"2015-10-30 00:00:00",,0,0,KG,,"min_order_level=""""|max_order_level=""""|step_order_level=""""|product_box=""""|",,,,,0,1,"2015-10-30 10:58:23",855,"2015-10-30 10:58:23",855,"0000-00-00 00:00:00",0,KIDS,,
198,1,0,,,T-Shirts,,t-shirts-6,,,,,,,0,,,,,,,,,,,,,KG,,,,M,0,0,0,"2015-10-30 00:00:00",,0,0,KG,,"min_order_level=""""|max_order_level=""""|step_order_level=""""|product_box=""""|",,,,,0,1,"2015-10-30 10:58:47",855,"2015-10-30 10:58:47",855,"0000-00-00 00:00:00",0,KIDS,,
199,1,0,,,"Bath Towel",,bath-towel,,,,,,,0,,,,,,,,,,,,,KG,,,,M,0,0,0,"2015-10-30 00:00:00",,0,0,KG,,"min_order_level=""""|max_order_level=""""|step_order_level=""""|product_box=""""|",,,,,0,1,"2015-10-30 11:01:00",855,"2015-10-30 11:01:00",855,"0000-00-00 00:00:00",0,HOUSEHOLD,,
200,1,0,,,"Bedcover (Double)",,bedcover-double,,,,,,,0,,,,,,,,,,,,,KG,,,,M,0,0,0,"2015-10-30 00:00:00",,0,0,KG,,"min_order_level=""""|max_order_level=""""|step_order_level=""""|product_box=""""|",,,,,0,1,"2015-10-30 11:02:12",855,"2015-10-30 11:02:12",855,"0000-00-00 00:00:00",0,HOUSEHOLD,,
201,1,0,,,"Bedcover (Single)",,bedcover-single,,,,,,,0,,,,,,,,,,,,,KG,,,,M,0,0,0,"2015-10-30 00:00:00",,0,0,KG,,"min_order_level=""""|max_order_level=""""|step_order_level=""""|product_box=""""|",,,,,0,1,"2015-10-30 11:02:52",855,"2015-10-30 11:02:52",855,"0000-00-00 00:00:00",0,HOUSEHOLD,,
202,1,0,,,"Bedcover (Fancy)",,bedcover-fancy,,,,,,,0,,,,,,,,,,,,,KG,,,,M,0,0,0,"2015-10-30 00:00:00",,0,0,KG,,"min_order_level=""""|max_order_level=""""|step_order_level=""""|product_box=""""|",,,,,0,1,"2015-10-30 11:03:13",855,"2015-10-30 11:03:13",855,"0000-00-00 00:00:00",0,HOUSEHOLD,,
203,1,0,,,"Bedsheet (Double)",,bedsheet-double,,,,,,,0,,,,,,,,,,,,,KG,,,,M,0,0,0,"2015-10-30 00:00:00",,0,0,KG,,"min_order_level=""""|max_order_level=""""|step_order_level=""""|product_box=""""|",,,,,0,1,"2015-10-30 11:03:59",855,"2015-10-30 11:03:59",855,"0000-00-00 00:00:00",0,HOUSEHOLD,,
204,1,0,,,"Bedsheet (Single)",,bedsheet-single,,,,,,,0,,,,,,,,,,,,,KG,,,,M,0,0,0,"2015-10-30 00:00:00",,0,0,KG,,"min_order_level=""""|max_order_level=""""|step_order_level=""""|product_box=""""|",,,,,0,1,"2015-10-30 11:05:07",855,"2015-10-30 11:05:07",855,"0000-00-00 00:00:00",0,HOUSEHOLD,,
205,1,0,,,"Blanket (Double)",,blanket-double,,,,,,,0,,,,,,,,,,,,,KG,,,,M,0,0,0,"2015-10-30 00:00:00",,0,0,KG,,"min_order_level=""""|max_order_level=""""|step_order_level=""""|product_box=""""|",,,,,0,1,"2015-10-30 11:05:37",855,"2015-10-30 11:05:37",855,"0000-00-00 00:00:00",0,HOUSEHOLD,,
206,1,0,,,"Blanket (Single)",,blanket-single,,,,,,,0,,,,,,,,,,,,,KG,,,,M,0,0,0,"2015-10-30 00:00:00",,0,0,KG,,"min_order_level=""""|max_order_level=""""|step_order_level=""""|product_box=""""|",,,,,0,1,"2015-10-30 11:05:55",855,"2015-10-30 11:05:55",855,"0000-00-00 00:00:00",0,HOUSEHOLD,,
207,1,0,,,"Curtain - Ceiling Height",,curtain-ceiling-height-cotton-synthetic-per-panel-width-3-ft,,,,,,,0,,,,,,,,,,,,,KG,,,,M,0,0,0,"2015-10-30 00:00:00",,0,0,KG,,"min_order_level=""""|max_order_level=""""|step_order_level=""""|product_box=""""|",,,,,0,1,"2015-10-30 11:06:28",855,"2015-10-30 11:08:58",855,"0000-00-00 00:00:00",0,HOUSEHOLD,,
208,1,0,,,"Curtain - Ceiling Height (Silk /Net/Tissue)",,curtain-ceiling-height-silk-net-tissue-per-panel-width-3-ft,,,,,,,0,,,,,,,,,,,,,KG,,,,M,0,0,0,"2015-10-30 00:00:00",,0,0,KG,,"min_order_level=""""|max_order_level=""""|step_order_level=""""|product_box=""""|",,,,,0,1,"2015-10-30 11:06:56",855,"2015-10-30 11:09:06",855,"0000-00-00 00:00:00",0,HOUSEHOLD,,
209,1,0,,,"Curtain - Ceiling Height with lining",,curtain-ceiling-height-with-lining-cotton-synthetic-per-panel-width-3-ft,,,,,,,0,,,,,,,,,,,,,KG,,,,M,0,0,0,"2015-10-30 00:00:00",,0,0,KG,,"min_order_level=""""|max_order_level=""""|step_order_level=""""|product_box=""""|",,,,,0,1,"2015-10-30 11:07:14",855,"2015-10-30 11:09:13",855,"0000-00-00 00:00:00",0,HOUSEHOLD,,
210,1,0,,,Jeans,,jeans-16,,,,,,,0,25.500000,191,0,0.00000,0,0,0,"0000-00-00 00:00:00","0000-00-00 00:00:00",0,0,300.0000,G,,,,M,0,0,0,"2015-10-30 00:00:00",,0,0,KG,,"min_order_level=""""|max_order_level=""""|step_order_level=""""|product_box=""""|",,,,,0,1,"2015-10-30 14:47:41",855,"2015-10-30 14:52:13",855,"0000-00-00 00:00:00",0,KIDS,,
211,1,0,,,"Bath Towel",,bath-towel-1,,,,,,,0,15.000000,191,0,0.00000,0,0,0,"0000-00-00 00:00:00","0000-00-00 00:00:00",0,0,250.0000,G,,,,M,0,0,0,"2015-10-30 00:00:00",,0,0,KG,,"min_order_level=""""|max_order_level=""""|step_order_level=""""|product_box=""""|",,,,,0,1,"2015-10-30 14:50:44",855,"2015-10-30 14:51:27",855,"0000-00-00 00:00:00",0,HOUSEHOLD,,
212,1,0,,,Blazer,,blazer-3,,,,,,,0,115.000000,191,0,0.00000,0,0,0,"0000-00-00 00:00:00","0000-00-00 00:00:00",0,0,1000.0000,G,,,,M,0,0,0,"2015-10-30 00:00:00",,0,0,KG,,"min_order_level=""""|max_order_level=""""|step_order_level=""""|product_box=""""|",,,,,0,1,"2015-10-30 15:03:24",855,"2015-10-30 15:03:24",855,"0000-00-00 00:00:00",0,MEN,,
213,1,0,,,Jeans,,jeans-19,,,,,,,0,34.500000,191,0,0.00000,0,0,0,"0000-00-00 00:00:00","0000-00-00 00:00:00",0,0,300.0000,G,,,,M,0,0,0,"2015-10-30 00:00:00",,0,0,KG,,"min_order_level=""""|max_order_level=""""|step_order_level=""""|product_box=""""|",,,,,0,1,"2015-10-30 15:04:56",855,"2015-10-30 15:08:09",855,"0000-00-00 00:00:00",0,KIDS,,
214,1,0,,,"Bath Towel",,bath-towel-2,,,,,,,0,28.750000,191,0,0.00000,0,0,0,"0000-00-00 00:00:00","0000-00-00 00:00:00",0,0,250.0000,G,,,,M,0,0,0,"2015-10-30 00:00:00",,0,0,KG,,"min_order_level=""""|max_order_level=""""|step_order_level=""""|product_box=""""|",,,,,0,1,"2015-10-30 15:06:02",855,"2015-10-30 15:07:42",855,"0000-00-00 00:00:00",0,HOUSEHOLD,,
215,1,0,,,Blazer,,blazer-4,,,,,,,0,75.000000,191,0,0.00000,0,0,0,"0000-00-00 00:00:00","0000-00-00 00:00:00",0,0,,KG,,,,M,0,0,0,"2015-10-30 00:00:00",,0,0,KG,,"min_order_level=""""|max_order_level=""""|step_order_level=""""|product_box=""""|",,,,,0,1,"2015-10-30 15:28:00",855,"2015-10-30 15:28:00",855,"0000-00-00 00:00:00",0,KIDS,,
216,1,0,,,"Bath Towel",,bath-towel-3,,,,,,,0,90.000000,191,0,0.00000,0,0,0,"0000-00-00 00:00:00","0000-00-00 00:00:00",0,0,,KG,,,,M,0,0,0,"2015-10-30 00:00:00",,0,0,KG,,"min_order_level=""""|max_order_level=""""|step_order_level=""""|product_box=""""|",,,,,0,1,"2015-10-30 15:29:01",855,"2015-10-30 15:29:01",855,"0000-00-00 00:00:00",0,HOUSEHOLD,,
217,1,0,,,Jeans,,jeans-18,,,,,,,0,115.000000,191,0,0.00000,0,0,0,"0000-00-00 00:00:00","0000-00-00 00:00:00",0,0,300.0000,G,,,,M,0,0,0,"2015-10-30 00:00:00",,0,0,KG,,"min_order_level=""""|max_order_level=""""|step_order_level=""""|product_box=""""|",,,,,0,1,"2015-10-30 15:36:28",855,"2015-10-30 15:36:28",855,"0000-00-00 00:00:00",0,KIDS,,
218,1,0,,,"Bath Towel",,bath-towel-4,,,,,,,0,115.000000,191,0,0.00000,0,0,0,"0000-00-00 00:00:00","0000-00-00 00:00:00",0,0,250.0000,G,,,,M,0,0,0,"2015-10-30 00:00:00",,0,0,KG,,"min_order_level=""""|max_order_level=""""|step_order_level=""""|product_box=""""|",,,,,0,1,"2015-10-30 15:37:09",855,"2015-10-30 15:37:09",855,"0000-00-00 00:00:00",0,HOUSEHOLD,,
219,1,0,,,Jeans,,jeans-23,,,,,,,0,300.000000,191,0,0.00000,0,0,0,"0000-00-00 00:00:00","0000-00-00 00:00:00",0,0,85.0000,G,,,,M,0,0,0,"2015-10-30 00:00:00",,0,0,KG,,"min_order_level=""""|max_order_level=""""|step_order_level=""""|product_box=""""|",,,,,0,1,"2015-10-30 15:46:57",855,"2015-10-30 15:46:57",855,"0000-00-00 00:00:00",0,KIDS,,
220,1,0,,,"Bath Towel",,bath-towel-5,,,,,,,0,60.000000,191,0,0.00000,0,0,0,"0000-00-00 00:00:00","0000-00-00 00:00:00",0,0,250.0000,G,,,,M,0,0,0,"2015-10-30 00:00:00",,0,0,KG,,"min_order_level=""""|max_order_level=""""|step_order_level=""""|product_box=""""|",,,,,0,1,"2015-10-30 15:47:36",855,"2015-10-30 15:47:36",855,"0000-00-00 00:00:00",0,HOUSEHOLD,,
221,1,0,,," Wash &#38; Fold",,wash-fold,," 65 per kg (approx. 5 cloths)",,,,,0,65.000000,191,0,0.00000,0,0,0,"0000-00-00 00:00:00","0000-00-00 00:00:00",0,0,,KG,,,,M,0,0,0,"2015-10-31 00:00:00",,0,0,KG,,"min_order_level=""""|max_order_level=""""|step_order_level=""""|product_box=""""|",,,,,0,1,"2015-10-31 06:14:34",855,"2015-10-31 06:14:34",855,"0000-00-00 00:00:00",0,"Special Category",,
222,1,0,,,"Wash, Steam Press &#38; Folding",,"wash,-steam-press-folding",," 160 per kg (approx. 5 cloths)",,,,,0,,,,,,,,,,,,,KG,,,,M,0,0,0,"2015-10-31 00:00:00",,0,0,KG,,"min_order_level=""""|max_order_level=""""|step_order_level=""""|product_box=""""|",,,,,0,1,"2015-10-31 06:15:46",855,"2015-10-31 06:15:46",855,"0000-00-00 00:00:00",0,"Special Category",,
223,1,0,,,Jeans,,jeans-27,,,,,,,0,45.000000,191,0,0.00000,0,0,0,"0000-00-00 00:00:00","0000-00-00 00:00:00",0,0,300.0000,G,,,,M,0,0,0,"2015-10-31 00:00:00",,0,0,KG,,"min_order_level=""""|max_order_level=""""|step_order_level=""""|product_box=""""|",,,,,0,1,"2015-10-31 07:26:16",855,"2015-10-31 07:26:40",855,"0000-00-00 00:00:00",0,KIDS,,
224,1,0,,,"Bath Towel",,bath-towel-6,,,,,,,0,45.000000,191,0,0.00000,0,0,0,"0000-00-00 00:00:00","0000-00-00 00:00:00",0,0,250.0000,G,,,,M,0,0,0,"2015-10-31 00:00:00",,0,0,KG,,"min_order_level=""""|max_order_level=""""|step_order_level=""""|product_box=""""|",,,,,0,1,"2015-10-31 07:27:06",855,"2015-10-31 07:27:06",855,"0000-00-00 00:00:00",0,HOUSEHOLD,,
225,1,0,,,Blazer,,blazer-5,,,,,,,0,45.000000,191,0,0.00000,0,0,0,"0000-00-00 00:00:00","0000-00-00 00:00:00",0,0,1000.0000,G,,,,M,0,0,0,"2015-10-31 00:00:00",,0,0,KG,,"min_order_level=""""|max_order_level=""""|step_order_level=""""|product_box=""""|",,,,,0,1,"2015-10-31 07:52:45",855,"2015-10-31 07:52:45",855,"0000-00-00 00:00:00",0,MEN,,
226,1,0,,,Blazer,,blazer-6,,,,,,,0,45.000000,191,0,0.00000,0,0,0,"0000-00-00 00:00:00","0000-00-00 00:00:00",0,0,1000.0000,G,,,,M,0,0,0,"2015-10-31 00:00:00",,0,0,KG,,"min_order_level=""""|max_order_level=""""|step_order_level=""""|product_box=""""|",,,,,0,1,"2015-10-31 07:53:26",855,"2015-10-31 07:53:26",855,"0000-00-00 00:00:00",0,WOMEN,,
227,1,0,,,Jeans,,jeans-30,,,,,,,0,45.000000,191,0,0.00000,0,0,0,"0000-00-00 00:00:00","0000-00-00 00:00:00",0,0,300.0000,G,,,,M,0,0,0,"2015-10-31 00:00:00",,0,0,KG,,"min_order_level=""""|max_order_level=""""|step_order_level=""""|product_box=""""|",,,,,0,1,"2015-10-31 07:54:00",855,"2015-10-31 07:54:00",855,"0000-00-00 00:00:00",0,KIDS,,
228,1,0,,,"Bath Towel",,bath-towel-7,,,,,,,0,45.000000,191,0,0.00000,0,0,0,"0000-00-00 00:00:00","0000-00-00 00:00:00",0,0,250.0000,G,,,,M,0,0,0,"2015-10-31 00:00:00",,0,0,KG,,"min_order_level=""""|max_order_level=""""|step_order_level=""""|product_box=""""|",,,,,0,1,"2015-10-31 07:54:31",855,"2015-10-31 07:54:31",855,"0000-00-00 00:00:00",0,HOUSEHOLD,,
229,1,0,,,Blazer,,blazer-7,,,,,,,0,45.000000,191,0,0.00000,0,0,0,"0000-00-00 00:00:00","0000-00-00 00:00:00",0,0,1000.0000,G,,,,M,0,0,0,"2015-10-31 00:00:00",,0,0,KG,,"min_order_level=""""|max_order_level=""""|step_order_level=""""|product_box=""""|",,,,,0,1,"2015-10-31 08:12:56",855,"2015-10-31 08:12:56",855,"0000-00-00 00:00:00",0,MEN,,
230,1,0,,,Blazer,,blazer-8,,,,,,,0,45.000000,191,0,0.00000,0,0,0,"0000-00-00 00:00:00","0000-00-00 00:00:00",0,0,1000.0000,G,,,,M,0,0,0,"2015-10-31 00:00:00",,0,0,KG,,"min_order_level=""""|max_order_level=""""|step_order_level=""""|product_box=""""|",,,,,0,1,"2015-10-31 08:13:25",855,"2015-10-31 08:13:25",855,"0000-00-00 00:00:00",0,WOMEN,,
231,1,0,,,Jeans,,jeans-15,,,,,,,0,45.000000,191,0,0.00000,0,0,0,"0000-00-00 00:00:00","0000-00-00 00:00:00",0,0,300.0000,G,,,,M,0,0,0,"2015-10-31 00:00:00",,0,0,KG,,"min_order_level=""""|max_order_level=""""|step_order_level=""""|product_box=""""|",,,,,0,1,"2015-10-31 08:13:52",855,"2015-10-31 08:13:52",855,"0000-00-00 00:00:00",0,KIDS,,
232,1,0,,,"Bath Towel",,bath-towel-8,,,,,,,0,45.000000,191,0,0.00000,0,0,0,"0000-00-00 00:00:00","0000-00-00 00:00:00",0,0,250.0000,G,,,,M,0,0,0,"2015-10-31 00:00:00",,0,0,KG,,"min_order_level=""""|max_order_level=""""|step_order_level=""""|product_box=""""|",,,,,0,1,"2015-10-31 08:14:26",855,"2015-10-31 08:14:26",855,"0000-00-00 00:00:00",0,HOUSEHOLD,,
233,1,0,,,Blazer,,blazer-9,,,,,,,0,45.000000,191,0,0.00000,0,0,0,"0000-00-00 00:00:00","0000-00-00 00:00:00",0,0,1000.0000,G,,,,M,0,0,0,"2015-10-31 00:00:00",,0,0,KG,,"min_order_level=""""|max_order_level=""""|step_order_level=""""|product_box=""""|",,,,,0,1,"2015-10-31 08:27:05",855,"2015-10-31 08:27:05",855,"0000-00-00 00:00:00",0,MEN,,
234,1,0,,,Blazer,,blazer-10,,,,,,,0,45.000000,191,0,0.00000,0,0,0,"0000-00-00 00:00:00","0000-00-00 00:00:00",0,0,1000.0000,G,,,,M,0,0,0,"2015-10-31 00:00:00",,0,0,KG,,"min_order_level=""""|max_order_level=""""|step_order_level=""""|product_box=""""|",,,,,0,1,"2015-10-31 08:27:42",855,"2015-10-31 08:27:42",855,"0000-00-00 00:00:00",0,WOMEN,,
235,1,0,,,Jeans,,jeans-26,,,,,,,0,45.000000,191,0,0.00000,0,0,0,"0000-00-00 00:00:00","0000-00-00 00:00:00",0,0,300.0000,G,,,,M,0,0,0,"2015-10-31 00:00:00",,0,0,KG,,"min_order_level=""""|max_order_level=""""|step_order_level=""""|product_box=""""|",,,,,0,1,"2015-10-31 08:28:13",855,"2015-10-31 08:28:13",855,"0000-00-00 00:00:00",0,KIDS,,
236,1,0,,,"Bath Towel",,bath-towel-9,,,,,,,0,45.000000,191,0,0.00000,0,0,0,"0000-00-00 00:00:00","0000-00-00 00:00:00",0,0,250.0000,G,,,,M,0,0,0,"2015-10-31 00:00:00",,0,0,KG,,"min_order_level=""""|max_order_level=""""|step_order_level=""""|product_box=""""|",,,,,0,1,"2015-10-31 08:28:40",855,"2015-10-31 08:28:40",855,"0000-00-00 00:00:00",0,HOUSEHOLD,,
237,1,0,,,Blazer,,blazer-11,,,,,,,0,45.000000,191,0,0.00000,0,0,0,"0000-00-00 00:00:00","0000-00-00 00:00:00",0,0,1000.0000,G,,,,M,0,0,0,"2015-10-31 00:00:00",,0,0,KG,,"min_order_level=""""|max_order_level=""""|step_order_level=""""|product_box=""""|",,,,,0,1,"2015-10-31 08:34:22",855,"2015-10-31 08:34:22",855,"0000-00-00 00:00:00",0,MEN,,
238,1,0,,,Blazer,,blazer-19,,,,,,,0,45.000000,191,0,0.00000,0,0,0,"0000-00-00 00:00:00","0000-00-00 00:00:00",0,0,1000.0000,G,,,,M,0,0,0,"2015-10-31 00:00:00",,0,0,KG,,"min_order_level=""""|max_order_level=""""|step_order_level=""""|product_box=""""|",,,,,0,1,"2015-10-31 08:34:52",855,"2015-10-31 08:34:52",855,"0000-00-00 00:00:00",0,WOMEN,,
239,1,0,,,Jeans,,jeans-14,,,,,,,0,45.000000,191,0,0.00000,0,0,0,"0000-00-00 00:00:00","0000-00-00 00:00:00",0,0,300.0000,G,,,,M,0,0,0,"2015-10-31 00:00:00",,0,0,KG,,"min_order_level=""""|max_order_level=""""|step_order_level=""""|product_box=""""|",,,,,0,1,"2015-10-31 08:35:22",855,"2015-10-31 08:35:22",855,"0000-00-00 00:00:00",0,KIDS,,
240,1,0,,,"Bath Towel",,bath-towel-10,,,,,,,0,45.000000,191,0,0.00000,0,0,0,"0000-00-00 00:00:00","0000-00-00 00:00:00",0,0,250.0000,G,,,,M,0,0,0,"2015-10-31 00:00:00",,0,0,KG,,"min_order_level=""""|max_order_level=""""|step_order_level=""""|product_box=""""|",,,,,0,1,"2015-10-31 08:35:56",855,"2015-10-31 08:35:56",855,"0000-00-00 00:00:00",0,HOUSEHOLD,,
241,1,0,,,Blazer,,blazer-22,,,,,,,0,45.000000,191,0,0.00000,0,0,0,"0000-00-00 00:00:00","0000-00-00 00:00:00",0,0,1000.0000,G,,,,M,0,0,0,"2015-10-31 00:00:00",,0,0,KG,,"min_order_level=""""|max_order_level=""""|step_order_level=""""|product_box=""""|",,,,,0,1,"2015-10-31 08:53:08",855,"2015-10-31 08:53:08",855,"0000-00-00 00:00:00",0,MEN,,
242,1,0,,,Blazer,,blazer-18,,,,,,,0,45.000000,191,0,0.00000,0,0,0,"0000-00-00 00:00:00","0000-00-00 00:00:00",0,0,1000.0000,G,,,,M,0,0,0,"2015-10-31 00:00:00",,0,0,KG,,"min_order_level=""""|max_order_level=""""|step_order_level=""""|product_box=""""|",,,,,0,1,"2015-10-31 08:53:49",855,"2015-10-31 08:53:49",855,"0000-00-00 00:00:00",0,WOMEN,,
243,1,0,,,Jeans,,jeans-25,,,,,,,0,45.000000,191,0,0.00000,0,0,0,"0000-00-00 00:00:00","0000-00-00 00:00:00",0,0,300.0000,G,,,,M,0,0,0,"2015-10-31 00:00:00",,0,0,KG,,"min_order_level=""""|max_order_level=""""|step_order_level=""""|product_box=""""|",,,,,0,1,"2015-10-31 08:54:39",855,"2015-10-31 08:54:39",855,"0000-00-00 00:00:00",0,KIDS,,
244,1,0,,,"Bath Towel",,bath-towel-11,,,,,,,0,45.000000,191,0,0.00000,0,0,0,"0000-00-00 00:00:00","0000-00-00 00:00:00",0,0,250.0000,G,,,,M,0,0,0,"2015-10-31 00:00:00",,0,0,KG,,"min_order_level=""""|max_order_level=""""|step_order_level=""""|product_box=""""|",,,,,0,1,"2015-10-31 08:55:15",855,"2015-10-31 08:55:15",855,"0000-00-00 00:00:00",0,HOUSEHOLD,,
245,1,0,,,Blazer,,blazer-28,,,,,,,0,45.000000,191,0,0.00000,0,0,0,"0000-00-00 00:00:00","0000-00-00 00:00:00",0,0,1000.0000,G,,,,M,0,0,0,"2015-10-31 00:00:00",,0,0,KG,,"min_order_level=""""|max_order_level=""""|step_order_level=""""|product_box=""""|",,,,,0,1,"2015-10-31 09:11:27",855,"2015-10-31 09:11:27",855,"0000-00-00 00:00:00",0,WOMEN,,
246,1,0,,,Jeans,,jeans-34,,,,,,,0,45.000000,191,0,0.00000,0,0,0,"0000-00-00 00:00:00","0000-00-00 00:00:00",0,0,300.0000,G,,,,M,0,0,0,"2015-10-31 00:00:00",,0,0,KG,,"min_order_level=""""|max_order_level=""""|step_order_level=""""|product_box=""""|",,,,,0,1,"2015-10-31 09:41:56",855,"2015-10-31 09:42:59",855,"0000-00-00 00:00:00",0,KIDS,,
247,1,0,,,"Bath Towel",,bath-towel-20,,,,,,,0,45.000000,191,0,0.00000,0,0,0,"0000-00-00 00:00:00","0000-00-00 00:00:00",0,0,250.0000,G,,,,M,0,0,0,"2015-10-31 00:00:00",,0,0,KG,,"min_order_level=""""|max_order_level=""""|step_order_level=""""|product_box=""""|",,,,,0,1,"2015-10-31 09:42:25",855,"2015-10-31 09:42:25",855,"0000-00-00 00:00:00",0,HOUSEHOLD,,
248,1,0,,,Blazer,,blazer-16,,,,,,,0,45.000000,191,0,0.00000,0,0,0,"0000-00-00 00:00:00","0000-00-00 00:00:00",0,0,1000.0000,G,,,,M,0,0,0,"2015-10-31 00:00:00",,0,0,KG,,"min_order_level=""""|max_order_level=""""|step_order_level=""""|product_box=""""|",,,,,0,1,"2015-10-31 09:47:22",855,"2015-10-31 09:47:22",855,"0000-00-00 00:00:00",0,MEN,,
249,1,0,,,Blazer,,blazer-21,,,,,,,0,45.000000,191,0,0.00000,0,0,0,"0000-00-00 00:00:00","0000-00-00 00:00:00",0,0,1000.0000,G,,,,M,0,0,0,"2015-10-31 00:00:00",,0,0,KG,,"min_order_level=""""|max_order_level=""""|step_order_level=""""|product_box=""""|",,,,,0,1,"2015-10-31 09:48:13",855,"2015-10-31 09:48:13",855,"0000-00-00 00:00:00",0,WOMEN,,
250,1,0,,,Jeans,,jeans-36,,,,,,,0,45.000000,191,0,0.00000,0,0,0,"0000-00-00 00:00:00","0000-00-00 00:00:00",0,0,300.0000,G,,,,M,0,0,0,"2015-10-31 00:00:00",,0,0,KG,,"min_order_level=""""|max_order_level=""""|step_order_level=""""|product_box=""""|",,,,,0,1,"2015-10-31 09:48:45",855,"2015-10-31 09:48:45",855,"0000-00-00 00:00:00",0,KIDS,,
251,1,0,,,"Bath Towel",,bath-towel-21,,,,,,,0,45.000000,191,0,0.00000,0,0,0,"0000-00-00 00:00:00","0000-00-00 00:00:00",0,0,250.0000,G,,,,M,0,0,0,"2015-10-31 00:00:00",,0,0,KG,,"min_order_level=""""|max_order_level=""""|step_order_level=""""|product_box=""""|",,,,,0,1,"2015-10-31 09:54:39",855,"2015-10-31 09:54:39",855,"0000-00-00 00:00:00",0,HOUSEHOLD,,
252,1,0,,,Blazer,,blazer-24,,,,,,,0,45.000000,191,0,0.00000,0,0,0,"0000-00-00 00:00:00","0000-00-00 00:00:00",0,0,1000.0000,G,,,,M,0,0,0,"2015-10-31 00:00:00",,0,0,KG,,"min_order_level=""""|max_order_level=""""|step_order_level=""""|product_box=""""|",,,,,0,1,"2015-10-31 09:58:46",855,"2015-10-31 09:58:46",855,"0000-00-00 00:00:00",0,MEN,,
253,1,0,,,Blazer,,blazer-20,,,,,,,0,45.000000,191,0,0.00000,0,0,0,"0000-00-00 00:00:00","0000-00-00 00:00:00",0,0,1000.0000,G,,,,M,0,0,0,"2015-10-31 00:00:00",,0,0,KG,,"min_order_level=""""|max_order_level=""""|step_order_level=""""|product_box=""""|",,,,,0,1,"2015-10-31 09:59:21",855,"2015-10-31 09:59:21",855,"0000-00-00 00:00:00",0,WOMEN,,
254,1,0,,,Jeans,,jeans-35,,,,,,,0,45.000000,191,0,0.00000,0,0,0,"0000-00-00 00:00:00","0000-00-00 00:00:00",0,0,300.0000,G,,,,M,0,0,0,"2015-10-31 00:00:00",,0,0,KG,,"min_order_level=""""|max_order_level=""""|step_order_level=""""|product_box=""""|",,,,,0,1,"2015-10-31 09:59:55",855,"2015-10-31 09:59:55",855,"0000-00-00 00:00:00",0,KIDS,,
255,1,0,,,"Bath Towel",,bath-towel-14,,,,,,,0,45.000000,191,0,0.00000,0,0,0,"0000-00-00 00:00:00","0000-00-00 00:00:00",0,0,250.0000,G,,,,M,0,0,0,"2015-10-31 00:00:00",,0,0,KG,,"min_order_level=""""|max_order_level=""""|step_order_level=""""|product_box=""""|",,,,,0,1,"2015-10-31 10:01:04",855,"2015-10-31 10:01:04",855,"0000-00-00 00:00:00",0,HOUSEHOLD,,
256,1,0,,,Blazer,,bath-towel-23,,,,,,,0,45.000000,191,0,0.00000,0,0,0,"0000-00-00 00:00:00","0000-00-00 00:00:00",0,0,1000.0000,G,,,,M,0,0,0,"2015-10-31 00:00:00",,0,0,KG,,"min_order_level=""""|max_order_level=""""|step_order_level=""""|product_box=""""|",,,,,0,1,"2015-10-31 10:15:27",855,"2015-10-31 10:16:25",855,"0000-00-00 00:00:00",0,MEN,,
257,1,0,,,Blazer,,blazer-29,,,,,,,0,45.000000,191,0,0.00000,0,0,0,"0000-00-00 00:00:00","0000-00-00 00:00:00",0,0,1000.0000,G,,,,M,0,0,0,"2015-10-31 00:00:00",,0,0,KG,,"min_order_level=""""|max_order_level=""""|step_order_level=""""|product_box=""""|",,,,,0,1,"2015-10-31 10:16:05",855,"2015-10-31 10:16:05",855,"0000-00-00 00:00:00",0,WOMEN,,
258,1,0,,,Jeans,,jeans-31,,,,,,,0,45.000000,191,0,0.00000,0,0,0,"0000-00-00 00:00:00","0000-00-00 00:00:00",0,0,300.0000,G,,,,M,0,0,0,"2015-10-31 00:00:00",,0,0,KG,,"min_order_level=""""|max_order_level=""""|step_order_level=""""|product_box=""""|",,,,,0,1,"2015-10-31 10:17:14",855,"2015-10-31 10:17:14",855,"0000-00-00 00:00:00",0,KIDS,,
259,1,0,,,"Bath Towel",,bath-towel-18,,,,,,,0,45.000000,191,0,0.00000,0,0,0,"0000-00-00 00:00:00","0000-00-00 00:00:00",0,0,250.0000,G,,,,M,0,0,0,"2015-10-31 00:00:00",,0,0,KG,,"min_order_level=""""|max_order_level=""""|step_order_level=""""|product_box=""""|",,,,,0,1,"2015-10-31 10:17:45",855,"2015-10-31 10:17:45",855,"0000-00-00 00:00:00",0,HOUSEHOLD,,
260,1,0,,,Blazer,,blazer-34,,,,,,,0,45.000000,191,0,0.00000,0,0,0,"0000-00-00 00:00:00","0000-00-00 00:00:00",0,0,1000.0000,G,,,,M,0,0,0,"2015-10-31 00:00:00",,0,0,KG,,"min_order_level=""""|max_order_level=""""|step_order_level=""""|product_box=""""|",,,,,0,1,"2015-10-31 10:22:02",855,"2015-10-31 10:22:02",855,"0000-00-00 00:00:00",0,MEN,,
261,1,0,,,Blazer,,blazer-13,,,,,,,0,45.000000,191,0,0.00000,0,0,0,"0000-00-00 00:00:00","0000-00-00 00:00:00",0,0,1000.0000,G,,,,M,0,0,0,"2015-10-31 00:00:00",,0,0,KG,,"min_order_level=""""|max_order_level=""""|step_order_level=""""|product_box=""""|",,,,,0,1,"2015-10-31 10:22:40",855,"2015-10-31 10:22:40",855,"0000-00-00 00:00:00",0,WOMEN,,
262,1,0,,,Jeans,,jeans-33,,,,,,,0,45.000000,191,0,0.00000,0,0,0,"0000-00-00 00:00:00","0000-00-00 00:00:00",0,0,300.0000,G,,,,M,0,0,0,"2015-10-31 00:00:00",,0,0,KG,,"min_order_level=""""|max_order_level=""""|step_order_level=""""|product_box=""""|",,,,,0,1,"2015-10-31 10:23:10",855,"2015-10-31 10:23:10",855,"0000-00-00 00:00:00",0,KIDS,,
263,1,0,,,"Bath Towel",,bath-towel-15,,,,,,,0,45.000000,191,0,0.00000,0,0,0,"0000-00-00 00:00:00","0000-00-00 00:00:00",0,0,250.0000,G,,,,M,0,0,0,"2015-10-31 00:00:00",,0,0,KG,,"min_order_level=""""|max_order_level=""""|step_order_level=""""|product_box=""""|",,,,,0,1,"2015-10-31 10:23:44",855,"2015-10-31 10:23:44",855,"0000-00-00 00:00:00",0,HOUSEHOLD,,
264,1,0,,,Blazer,,blazer-23,,,,,,,0,45.000000,191,0,0.00000,0,0,0,"0000-00-00 00:00:00","0000-00-00 00:00:00",0,0,1000.0000,G,,,,M,0,0,0,"2015-10-31 00:00:00",,0,0,KG,,"min_order_level=""""|max_order_level=""""|step_order_level=""""|product_box=""""|",,,,,0,1,"2015-10-31 10:28:56",855,"2015-10-31 10:28:56",855,"0000-00-00 00:00:00",0,MEN,,
265,1,0,,,Blazer,,blazer-30,,,,,,,0,45.000000,191,0,0.00000,0,0,0,"0000-00-00 00:00:00","0000-00-00 00:00:00",0,0,1000.0000,G,,,,M,0,0,0,"2015-10-31 00:00:00",,0,0,KG,,"min_order_level=""""|max_order_level=""""|step_order_level=""""|product_box=""""|",,,,,0,1,"2015-10-31 10:29:28",855,"2015-10-31 10:29:28",855,"0000-00-00 00:00:00",0,WOMEN,,
266,1,0,,,Jeans,,jeans-29,,,,,,,0,45.000000,191,0,0.00000,0,0,0,"0000-00-00 00:00:00","0000-00-00 00:00:00",0,0,300.0000,G,,,,M,0,0,0,"2015-10-31 00:00:00",,0,0,KG,,"min_order_level=""""|max_order_level=""""|step_order_level=""""|product_box=""""|",,,,,0,1,"2015-10-31 10:29:58",855,"2015-10-31 10:29:58",855,"0000-00-00 00:00:00",0,KIDS,,
267,1,0,,,"Bath Towel",,bath-towel-25,,,,,,,0,45.000000,191,0,0.00000,0,0,0,"0000-00-00 00:00:00","0000-00-00 00:00:00",0,0,250.0000,G,,,,M,0,0,0,"2015-10-31 00:00:00",,0,0,KG,,"min_order_level=""""|max_order_level=""""|step_order_level=""""|product_box=""""|",,,,,0,1,"2015-10-31 10:30:24",855,"2015-10-31 10:30:24",855,"0000-00-00 00:00:00",0,HOUSEHOLD,,
